5DhkXVhY59Ph3DTjPvMSZF8T5d5QRbWK49LFDMCckMUYsG42,658
5DfmbaBJ2JkzAbf94nQPzfNsdeGXpF3gKTAqM5QxBJZT4zjn,3619
5EDFXFbv51Qda3xrqaze3n5oZCHfgTkLTMj8zSVMiw3mgPjn,810
5HBozvVcPhvSvMgJX3y8zUFjf892iLhCcdeGr82EhsKgFFo8,468
5CqL5vB4u2zm9VzMQGprzSMj6Ld8vfEgUuTj39q3EZtujsWs,32050
5Ec3R3UD7RTALFy5obnrGNARjrCesaii699GBHMWtoDS1YhZ,598
5FsZHDCJhiCX4Zw6rcZfsqZL7ards2389z4u8AnhRDSjWt1m,158721
5GRQGTHjbbV6URXDoyFsADu3Ma1hcekaCKK86ERZnLgEPAT7,652
5EUG4Cdn5NVnZBxLhLVgqyZezHhsihxjaTWSSTMyBpkUCenU,916
5DXhp17zuTL8EJvYpYZy1LexBRjBme2LqtJth4q8NRjdSzQ1,4579
5FtC3AKAFS3SqhEUjSGXag46sVErs3e32XeqRtrWSimkA5Pg,465
5C831Js8xLcZpjKMqFA9H8oQP3FKtvYukymUwEwwJFs2Uwm8,5495
5G27oms6XpMZ5em9JT2BcerYLHhR9hMyjwf2xrDqYnDSkrHz,770
5GuchGEStk26b8XdSmqH1CbQTVFQNk1aTp5wyRVvutgqRg1e,649
5EWe8xWXBAk4dAom1zhsXkNSE9FZq6woxWBshLCMGf9BAUyS,8868
5HYow1Mzhm91iBGQPA75J2tmvDHKZcKzEpwbBKPQtWKNpT2Q,1072
5HDkqkvSoKvFmNFzMSQN7611p1mNPDknnhjJDiePZv7gQqXv,1505
5FWkamfFkRgiJcu3CLeDEq8zoadxRctLdt6tFbRLVCdVjHLq,17457
5CZem6XsW7Dqvby5dz1EBtwQ6XWBcB1T2JpZGQvWcXqDng1T,2290
5FzzfW5VYaUCb6deYVGDKEqqrUoBaH7dMuGV3uwAGHKbCxMb,6283
5CA6BoQEwSTYCz2vXWUSaX294dPaJR5iKi6XMrDuBx8nK1gB,11974
5DyYa5h6wvsWkTo5Ewi32ziimYH2jv7NtsNcimV4j2tPAcJy,494
5GRBok6NgqCekLpSm6ujuHautEkSnTMp5tgpLfsgXxQj3a8T,2582
5GH2Bmg6ZL1FjE41QBzs9HEJVdjVYQheUTS9CastwgGXHyKQ,4675
5CLthFJN3FgEw8GYv8DnJS5YJTCbfZ6oPpxfnYZrc5HE1Qkq,6189
5Fzs3aXgh7YVgvfpjkgbhfeRZDpbHNT4jbPhYT2vAjoGt9NK,3342
5GgPKAhrNfvqF45jbS8eFse52CbZYVjC6yc8bEmSvNaKTowu,4579
5FZBgnGwYrBAkAAsfY6YgYVvDRizMYUUb4fZDDJsbCh83qkA,7449
5F6iVFfo2d5Mt7MKkQNkwHozCTg9RVG1R3Awn7GewusDcPc2,5830
5Dev5dLekekY7dp3DFAmbyhjaFTtzfrTWUqGNYKDx1AMDr8m,5410
5HdcHtgWBYFbE6YHH9kNA8n83zrDAPG6fg6JRXhMBs2wmMkq,458
5C7sYeSqKtJTaniXCYyobxppnnC8yupesZ48RrfhRVTkxwWa,4579
5EU2GEjekexMfnvqXyaFBpvxXU2WH4eL8YoWcJdeS51jcP2S,672
5FpUHQbgL57mde7WWZmAPB4s9nsPbyisHkuRDaYSNTCT3S3X,22893
5EjimGLr6N5pGtHn1d961SqtNwWhfGuQbxfpBj9awUiJmnrZ,4552
5FCimx5ss2iVBr4yPKSx5V16PEX4CM5zJGC2gQM6vdeC6crM,6653
5FLY8hX8jom6hthiyi8bEzcRrVz6x1iaJK3A7HvhGfCr6vpc,2290
5HC9gdLgq5YE8wZZU2cbwGAqV2aeXz5UqLuWKKhQ8HQZwv4d,504
5Ew7cW4tUbj3Caoj8Jk2tPjmRRKp8WfcQ7eofvdJAeBQCXyd,4580
5DkVDGGKYkiWR5jg3pws3ZHrD75k4mgTvnmMbb9nMaYAY86C,1638
5EFYmDxjwExaBhSdGJsyfRmiqQ2B4ygKMj9JmTbRdXUNXdJA,916
5Eqcnd11EKkp73enEDaqy9Mz8GVy1oCUuTxjPxKqTLaEtZYN,2232
5HKmKxHLQb1YPJRQkRJD7FcLFSQRQps26CPddDoH4yGSJtpQ,764
5GsgnUyQQwuE8M5wTCw1zqaCUbDfzbkq3M31biSdejyrF4ya,550
5H3HwiNA2Z1PLwkKSevGqNmzYS4rt1jtxU4LcBQ1dRhQKpNR,4157
5HSsRUqU7kmE4Hd4rE4ddbRAwnuLgcFbnq4zKM11F45kRVx3,458
5HThwJqXqhSXwuQdAg9sYjgVtUVM8qb9faqkC4knse4XMVNF,3346
5H6e5BEvsZtyQRAw4jkCrjx22c8F2tucSfHaV6xB9GCAP1qp,9616
5ECexjXggDkeoe7j5kWQQEELUsNbe5CuQhASMNxSE9DVYxTe,1389
5Chtth119MsVWh8WhDcDXrCAZd51hSASrWXdE5XfZDpqhhrZ,3434
5HEwY38ET2DDpZhiesRGjhZeBgNpnW5LP9tMcefxWhTyurNn,5898
5G4Km8G8QcQsHsWznYDgiVRp9vxh2T6avGJ2UowHgyfybKsJ,3125
5GMukHxUM4q4ty24Af1vLCiZZgNX16xkvN2LNnaZRkH73A31,458
5CJuconMyQR5idzwFJVVRKUgdSjt2YNA4oavnwZm7rCm85MB,21173
5HBRdSr5taPkfwrmaqMNGDWvV7MkDzQ7NxPknTRYPZKSDNCP,1092
5G6UJgYtLAcAP3vARZvV14ia6ZJk3b9h6jGB3EN3PmXSMVgu,20772
5DFzLBqPkqRfHRHLrNCEzckQ1os1bpbWBYFCvLwR1SvXd9Hc,14066
5H1hu9oyxjKjRnFvL2sKEuAC4dZSQJANiiTT7tL5GTcnvgYr,458
5EWyv6ncbRzyrWzaGA1WGGNunzfBE5VhD3GhC9AvfAEnMCdk,1391
5GBaF2X73Xuh7wuPmn8xv1axrMTjjSBXgceKWguNXzMhDo8C,822
5GxM9Y83jVs4DWTFxgViWaU9B3rhnnqiJ6Ep7takxcUKg1XY,504
5GHjRPC4R6UzbPVEDXCKwF6zCZ2rh6e3ZtW6GHcguKVAuwbC,588
5DUTbAHBNtgMqMbYigLBbaRJd7nEpcm3vThPxk9wjMhouNu2,1210
5E75AHGv86kYRZQKrDJ1MntKDNj7cu72c9zDaJJEYiq1bYQg,458
5G1pFPhc269hhbHzhZtExyeN4Y7mBsoGYbcJZekkVrtwGu37,2628
5GroNoasoq9kPQxXFTte4JpFVg8YgtYFxv3mMTJhaGboAuBJ,461
5C53KrC7KUzrXHd1gKmUAsCaKADsUn7HSQ7h1jBRuveAi7r5,25815
5EXUkbQhtqPu4azqd7VtQm23d1jGGEWVJuQ6BwzYUfph123M,2075
5CV1VP8oKfQwAnquv4DLMEH1PGvt5C8MrCaVyBXtE3BMWv8P,274715
5G1g6cZ6pbjxtzaw5hAEDPedK1Bfnbc4MDUMmkSAUs7rYx4i,458
5Evjn2XxYpUf7Lz1zRkazohaYjUEe7L8w6cJ1ZDEQmdvZnYC,8546
5GgLE8GLPAvekpZvFrGjGeWcAh8VwsFnmEDGosetD7CSq7H5,2145231
5CFNYab6UKkZJ87WpW3WVbG8huwpKczvCYpZyrwH37uFj2QM,367249
5HR5M6puiW61pzzRzQw33sVmTsTU4GVGjx6YTKRuGm1ycHUZ,1625
5EjxFYZaJiq9R1aFGhMQo4hNHAAp3nsn33YfpHDhubVCCbea,33641
5CAUKPRqbZ4hXJDKkv3haHVVbTAaTVs6ApFAT527tQY8fZe4,5927
5Cm3ABhuJ8bUB1nEhDXH2N8sTJwV47S4K76dLaronj9nJskS,4315
5EZBG4asvtpPrjWRXCVfvn4p6rRnrqc3ti9mF4BzdF9gHtyx,8715
5F7N5ZB5pWdLHxu3KucBcSa9vQRt2SBSxUrNJ1gHcUKXRfwA,2533
5DfKdBnh8es8aAYvHLFVzTcFRw9pLK8A3CMC193tX2jTfQkJ,22346
5FC4a3ZRWdAeisSzxu1VW2puuwo761FPY4viqhBZmXfq7R1w,19366
5CRwqWZL1CwiL2XXYibL94jHsoBcckVa8aQfqrrgT18m2Fjk,1698
5FLb1rVaiErgG7rXPMwkV4VprUNDTZwSAUwkKQvq7ZL8tYaV,30550
5CJ91MgjabAnR77KbWFSRdcYCKksHo9d9TUqHT9Xd825QXAP,1937
5GbtjQQiSw3ZqwuFRzXy7bgF9K9JCf6vPyY7wZv49JnDkzmk,1594
5FLei1RQ89R8firpawoASyfHmm4xd7KxD1uAgRTT5PtvqydK,17285
5CJHAxVGwuxwHiKAS2ZdGefYpxwK6vntibqr4KfkcZqyJL4J,2477
5HHGdedxBSS4WAw4oExWok8ZJ21FJBUDj9jfnWsNSHoSYd2Q,3746
5CoaVLQv9NHHacn23tD3BVLPMn4B3rrvV21SLcooe7kRZNse,2387
5CFWw7qooDg37TpPp7a7nZyRigf4NPL5rKLxDoerVnmkPQ93,7359
5DkSYadFYJ7FfT3mTEE2zo9J9A1x14jEfbztr8QwyJv7RmK7,35025
5G4RW552iZVYsMwYG1xXhq68zqmNFizh889Qq2nG8gNz3KQB,29262
5GbupRzeT2N58fjLdsKf7VzgqvUST53eNm58Kc2zKFKU73G5,14883
5HZH3c2kBQdDRCpePMqpe27MM4xfxtM4KrikRhGAodfeVsKz,1490
5Fk7QMSMWQo7cTiGtAGQQf59zqFuxf3ay3tshnrhPLCjm727,10282
5GC5xhGLPAQnqBMY8MuhBTqLPKu52tyGC2ZazfKsKpzMJFbj,1507
5F1vrgUBG8PeyycMDrFVzhTALd2xMwiFRCcp7TWz9cHzZJ5h,12703
5EC46nE76wR5heiLiJLvtmSq5GMDbyonmf6aZDdEzSgUmHfz,2980
5En6YFthMK4Neo4wk8iRtsgrqnXH6Aru57hWRDQnBR6UmYwo,28412
5H6RMaTtoupHL4yfn7VHn5UHgWy5kQ8YvRpST93YiZwaVJQk,764261
5DNr4Tpi8UnMAQd9fCTbcQStqvrjXvsdd2jVFGvSP9M9ijAk,142678
5FgyR7t4xBTn4H6H8JV9XNT4ozkvk3XDf1B7FZWAfEdRfAMh,430
5HE4gbF9xqtxfPgF1chztmR4teoG6fJ3N4p3j2aPZXAdDfDW,1484
5DFbmUeACHiGxLbgTusNAJqZ32UfdSuHSxwv3MBvPs7SdqJ9,25482
5DAkrxuHaXHqC81sJzuNhuZQkw9KDCQqESqCqbRy4hoz3VEt,418
5GpNbB46zPJKFkHsUo5zXg1xEcdccUMwfmPPTXBdJsffWugw,2302
5Hj5UUAtfAus3ATCTmMzTi7LxF1jPG86dMPTremsPSByPbmu,322
5HQRrSJBhCSKR15wTYDatnDvjZHzAQi68UaGonBkpTgg3EoB,4200
5FTVDHunHzkJz3ygCnNCp1sjMkK8WdHDiHcX6YjHin6i1Ykq,16093
5DAL6Xmra1nW5m51LFuo39igBawU4FtRzMsPitZj9jEtKX7Y,665
5GRaMYGitoRn5uhcJ4pWbFAcPKmj3PJVS9psgJArcvgqUNRb,1065
5CZrstxUPYZrUALRZUFB9m158tqW1xLeKDZgfrAyED4xBX5b,4474
5HpzSHMMw12Qjdd3inskFTsmuiXPudmt53pmUcq44WsHjHFh,3219
5CvmQ78CpitNy8QV7gSj7eT6cUoNXb1NkSoAxGTQyq3SrPTv,2253
5D5CjEKGT7ue87TQMc8Gf5F4XawtjXEBSUUK59J6bcgQ56E7,51495
5DkCLqCBVMRa3hHdKMw8VysuV4Z7YMjbCsbPF6xJFPzdLYAM,869
5GqBfUUoNHZ2xQQLsAinnWfWFZZWb2nAPZY2DBcaSSJrf1Uv,1384
5EyA2ZPkvvYgpAVnz8seJNZy4fdwEYR1dcpFNWxPki9A46KQ,2483
5HWRFJdgoBtnn5QLy1Ydqg9jjqbcm39rc85T8Le3PQGyAN3J,6444
5DWsPW9FuzPfReH72AY6R2WHbsj7PcVKPsteXPdVbzPmPYoe,417
5Cov8ynNfDNPKzbKLr2BU71QFbgtBHuFxy4eknJ4AGbfoPnv,4909
5DDBQsTxqj7YvvG8LqGpiDNUGqWpb4cXkgiu7D4RdD8Ennhz,332
5E7uh6Y7ksGsCsXTpv6UuEvY1oFUtRU2iZNzLwLwJdbLjFyz,91447
5FkGekbQujT5QxaWWBQ42H9b13QqUr3f3XvJBoQCaQgmJZDE,3470
5CRzjYfKcZUNv3QQasqjYrHUjM7kiubHJWEVS2PAwcubMTLK,2503
5HWH5vZBUPwGSV6h9vRCjvunTUdRxXy6ARk3i8YYvjniW6hV,2253
5EcexHkKTSxDefrtMp9wwpa1zzghAQuyTveTCQdjc1AzfJfn,644
5HGdtG6XBE3UL21o9ddRRK8DgLgUSRuoT7RXL9VopkxZZvaK,966
5FhnQt3LJVtoDXen7ZVZsJWv9xsPUvNYF5XATQthYV5VDdYU,325
5G6fA2XPNyc9C9hPXu3zxSWsqz8wuYhsmietCk4YsoViK34e,322
5EZmDJLDKr2VNJGMr2qApsj3f863tMuA1FyscjKdwZX7Eu7Q,5185
5FbxHxwwszTT1poaJVMVfUwCMDAQZP8ojk1F1zFzASFdDhDX,1812
5EebAWtkzxXvhqA1VVptH6CVu9PKcuyQkn7aHBr8JK6neMLN,514
5DqcyLHcNYK5XPubLEY27PJSDyYZFmjAoeccvhkQnDz8na2z,7403
5EnjbZdkFEAMs9tp558wLuCoKzyukhQmUkKhTNVjHN2Uf9xV,644
5D2hBZuy2ZbP32Go7ZcxMdH9uWf4LFKrMSdBZ9dZqHjoNuJP,2866
5CwAWfJ4aACstz3mP59sn9T4JrMnf3vhShQSEnaQrZNS5z9c,767
5HGx6FNL2VnzfkkPMfdCCS3vJHcDoF2pTAU4U1QYrCzKonuJ,322
5D5VpbEpRZfCsg1K5n7ZFMBE4DD3R1Cf5k7c27Tz31xEMEeN,322
5GYYUbuqmHL9zUG5HhKbKkbMMwoKhEwjWJdHxnaNqf47uaYG,986
5EZ3iAHBmPNH8R7EjmPn1R7cVtnkAJp4vkDB7whgPD6x9ezn,335
5FPGtKWCQYXw36WnhWKTcPMNXYsPY33eaBqieNmN4mbhd9Bi,658
5HKiKKyt1LBdftJVik8aqXukWnKXqfP9dHAxRZJeP5J8kzyu,2987
5GHqtGrdhUb5Qb6xNZ2HEHSjCEFBnucUnA4zXuXm1vZd8yz2,753
5H1hExL62xfyaHQgRbsFE5WVFMLcpjavB4jRH4E3kNLZ7cTv,1627
5CPwZANiCK5SgrcdvAWtZZuot1nnJ5Ep5FeBxiVhcaZafgio,2483
5E9XhGxvUEamnwZN4ce1N6B4mJaFC9J87FgYFZtLFnwEPxCE,322
5FTshRde6eEfrUfTT8Gj5SfU5m2Gy6ygqW5syPj6Ma8hxU3P,4828
5DyvjrMniWQj561PJL5AZT3nzmZEQ5VnJpuYMWwgVFqTqtor,1134
5Gj3vW4WuY5D1c1cTAx65HQZPamsEHXAyVrZmPbMe6PYBU8p,322
5FqDYPiQwQvZWPpH1tZrUZrd8GzKk9kvdiuAu5N2kDH1jeBu,322
5Exci47cXTrGbLoXhSJepSttspLbfAs3Nx9X4wHmwX9adEea,1863
5H4E7vBqJTdYQLN7UHSLrq6HbBEFtRoWocVwAJTS4dmRNzgk,327
5DA1RZnPnAG1Nxow1jsSKp69WtZmxN3YsvsGaw2tvGkoAcKn,673
5DMCGYvgR4p8yd75Xbmyfo1i5X22egHqMfjyEMk7zDQE3QUV,371
5EPJgJPsy9wbnLrxs8FYNe7Qsd8csisq4ZtJeFgwbcwtytiw,52449
5CFtNaHyzTLJqKaUHcE18dioV3zyaohvGCbf45A2g5TnqbnE,1024
5FKfhXHPAUahP1KJBuQtDhrBbb4y24jkqRpTuD6ZCvhXP2rD,403
5DvquQEReoSYVvZheo1zTgboMuhNxvZGQ2ensf2dczfa8Jah,6429
5C8NaTEq1j5fvGzXK13yE8EZU6nfjS5EmAELiqf39pjZFVdT,483
5G23Td8AohP379BUH1M3TfZWK6H2LkgpYsihhZUmXbFPEe1p,322
5DCTLqs2ZTs1RGQ5ctwCrXmbwMZMNmEviMV612VpvpGkdAiN,3220
5EHGUSKgpQ6KB9oqQVoazpQHjijhKyXwkGtFkhkQWXEENv1k,322
5G6Hi2P7AfvDMhfSwDLxhzZkxXLYG2g7X426nQ2qoFjditsH,322
5CkSYSdJykZwaAFsdenpUrJRZ6NC3Nh5v8Sg1MAdtoJg87U5,329
5G9J4iCXwF4XMYR8aKbuPwRx1kmqhfEnTSacZLgDCw1ngMfj,1628
5HgZ9Rcumf3JeheQc7LznpebMKHAtZbAwEfMYDfdkfp5kArz,2610
5HB6GvPgSnm6hAvqDFffn3RUWq1S5eEtBytPXaBoxdJqHuzm,2253
5FkNMzrGnxGKwcUKbTXoQTn2Ve3rBoAmjfKdbYt4YDKFRZhm,3219
5DhnEdLo7YbfVyrG4wFZir4tPL9vpkVLt8qgSxckYhr8hvoL,537
5DfU7NL9Hs5TCEv7zvrBDsueyxDnu3PU2Km2XHWDjpmuYq9b,5436
5DSCrah5kcAjU9PoTUd2Xgeei2P5V8UUVo887PbknvrbJaKT,322
5EjgpGT8SbTb3iDqiL6UmtYbntK746aptEUhTeTmE4sMHikM,371
5EoL32UDZGCxCQTSvhNDRwvykfRR8aGrdqmHKkcNHRGykBYc,6693
5C7eay59YXqBvgyXwQaeV76Zmb9kpEvHSJM9n3itj8NSLZht,326
5Fs6Xs8sJkpm2iWxmocjCfasSnSG1WSjHJnuwWdzp9UiVCij,2293
5FdtYepJ5mLc2JnS7MEUeUUdHKVgfKVw8n218jY9PVf7nUvz,835
5ExYEjJrH4J3DeJyGACDzg52WKCHXjh6ucEZ727ZKWpx9Nir,1106
5DXF59JTLYxUzwcBui8b2KNAJfs1NW2eWuNvKjUbNcRn1my8,2253
5FEfGsVhyUy6FUeGuN1nJAFdWh1jWovv85JT8H6tK3PhoowQ,486
5FR2CBnbGzPytXXp5Pjzc6bPU7651hvGSh6z3KCVcbetNZuU,1801
5CuD3ZTNZQJCP97TxwC9YRuXTxtkrDK515y7jUmgLREC6tMi,539
5C4qDghsTLnioD8khiN6sJQf4JcfCtX8wAQPqf83c36XJGMu,11004
5HbRj5R73eZ7YGSHgE8QAftfpyNQyH8RfddDh44UfRpG2SDW,2670
5GxsmJxBrM4oHFQyk8CRyCBed4J7fDUGMTqfXXyV8g1T9P38,32185
5FucDsTdGvJPvPyn2iC8rtfFUst12HAJx4aEroFKa9zvXrdD,1004
5Ew7cjJhkdbyCAvm7XuNYYhGzDhXPt2UWn1DL26Ha9v32Mvy,3180
5EhNtPRQFES2RTRUETVCBMDjhwFXHAJzXwrw4fr1wNWYsbJg,10271
5DtMSLyquBuwLNfeT4yzmr8M5SpXrEtPu4di8588u4krCbL7,322
5CBCq8uS94BpFkvyPu6okhJ8rha37GgUqwRS1i298znmizz9,4007
5ChoXsb3ad1XFVCQqW1dx3c3KFQETLLP7pGwWABVNeR6K5Gr,3219
5EJDA9LLj2gzrvaEFmU67fATx4sepraMzctKxYqxcJxADQEQ,620
5EPixJ7k8ZHVuftS6zVucZaGs8eYYfyYXhKZ9oKJuDUZkHfC,644
5G8tGNtCjmyfBpEzBnQPDmFPuuqwwDFnT12oMwFJ6nWPXfcH,1355
5GBxBFE4yG5mYkafeTAot64o1RQRBbjcdt5nZg2yxnFaWDrQ,330
5EeogRaWxZ9ip9YhiARS1Gqn5L7mdas4pD3QMLhuEaz9XbpW,5358
5EUqLx1avr3fVudZhhA1mryU69i72sNgpSyjqamrGnBqKMMM,1465
5DbuZHprgoxs5DWjtFpc3KbB899rzJkjEKCUg7pGscmr9wmn,483
5ENr97uhvBm8pi4ySnPEyjwC1EZ4MUgcSVUYfy9Nf9qYNph6,998
5CVVnQtFQ9scsoY9q1oXqYkaDUiLBJjBiNend4F2Gxn1Yfxk,322
5DXSZUamEFuwzVeN89vYCsworJccMXjF3ugrLDLH6xbdSUCK,994
5CPtHyGaQGNcXhAKjmZFheDaPhwJEPn6LYYv4VCtT1jwT68P,608
5DDU4c4Qi5oMbBYykqu8H7ieSvhF4i834LcBwM7oa4gzhCNj,1610
5HYWin4b886Kg3QUav5zEdYAFsy335p7hgBfveH5FNwQ8B4S,837
5D2ve8Ww4DtTb9irCRA4HZcxVQzwkfdoKbL8CucXZ28S5pFm,5479
5CCgeo1f1VENoXmwm6L6zaomzV7UWZUuRBWrDZzDxYx8JXvM,743
5FZffwnejPGumQRc82Mh9LFhfGc5j5qrJo4AtNrwK83pxXfB,322
5DfT5iPvhbTtkiB71xgqJgUjJMNkXHhcgKEpXRAY5dCnKXSr,2018
5Han1FUoZRN3bZMv6ptKqq8MraUgPQfiSTNnA1o9XedJo3Tz,322
5HDvDn3zuS4FSoBWyxCEpPW9KzDi5jVgGLSEgKZsxEkmDwga,966
5CouA8pyo3d5g3rxCL3GxM3tbtMnoUkatxCDFtqmC9u8odgf,257924
5HHY7EFqZS8JhUcGV5UnJzFx1FbdkjE88dPUJ36qnBHarDsP,1518
5E7j7SiQ1pEPBMqp354erj7ubap9tMDCPojBWYLDrf7UQm92,262
5DAUc6Y1cbhCQMVzdMdrNkJSo7bpP7qvvrnVnzKhKTY5PNHy,4041
5DZkPX5w8kotQw2aGFKNx5hszeGUFa2LTbGUvvK3HoPcRv6B,1741
5Hgpd65KwocDcCQzcnQctq66S5s21tfQyNuZm9wyRWxGAfR8,183715
5GgaJowipuKrDpTvgEbYX3VNeRwrPnerV8C9ZqgbdVXnLkSD,2907
5Gb7grGPH7R8pwuErrxmgvtpryH62HrE1moNurGR1yNYVCkd,1205
5D2gfb2LiGL5Hieov3FdTgXkb6QwU1B9XDxSKfSGF4hXBL5j,304
5DfYCfMFcAgarJNnK3UPBHPo44hmk444JqjaAvzQjhH9MGth,517
5D4xg1cEszh6jgD9drcKajV6sy5AG4nDjMee8JJURkD9n7dR,1874
5CPMEVobUEzdbg56tgzaiXBmuaa3wh5Mpca7VQAceoSMhEuX,828
5DCjfTYMozM3989WPCHxYMYR1c4SNMAJRvSvCiGbsTuY9JC2,547
5CZscV2SvHgL1h6rkpEPDWJoDEd93h3kuEQCoJQpcgUuiY6L,281
5GBsSuJsp9iaHbJSgzqMWFHQf1Aq6rJ96S92E6aQ4yvP5c98,310
5F6cDvjmZv4fcLRJ8qpVrW6YNYoXXzBpjcKp8ctU86ie3x7L,10024
5HKaHjiFFmR4j7EVoTeEwZFnEGt75EbwGiQktHEabFbVVMtX,1733
5HdwBqF3HW7xQLqxY6c8usYTKXYdiWFNkeuH4TpWZSMNMUad,380
5GBV7kqxQgp4ArZqhTPKPXoJKdQaGFJe44SkUDGhTGgxxoUG,1260
5CJfxfJyjRhP9GJ7cMqgiTPedt4W9UPeeAX6t9LR97wM3kzo,350
5Cm8z4ZYWHo77T7T8NNSFw15hz3spLE3EyRLB27LEB5stVHh,2230
5D2ENjFf64a7vKEjiRafNsoEHWhU3aLeu3kXFoSJjxmEzhab,4540
5HgE77xZ711mmtmKSyM7KPvjxQAGyTLjjiiRzdQaMbtxGA8m,1204
5FvpYmm2oHnbYmhjyvnzyi6xGTJgjDHQb1yV2D2AeX5mz5ka,629
5CPyDoSq7JpcqzAGbLq9MhFdUVUwdoLL5vJ7ce4PEwcFaqSK,1179
5GRFLze9XKesGVNn26a6xKWC7i2rR5dujFp2MtvDKHm5C38b,1169
5C7szSp9SSGsdrm8hGLy7wa1MmzPP571j9VrKUwhbnd1bXb7,12897
5GnJToGTWQzFmS628HcwrDGvWsxdUaEgYSLQXc8Q99oEXPAG,295
5HNpSS68g5vkgVroSJhd39DZ6uAr9vgktCHdtzi3cVyeFVfK,280
5GKaDhSh6YMnb1tdQKdNqETvv4fXdmeCcY2227bTSzhPkme4,2439
5Gsu5kV8qLyyuH6HAzsEBmjWH43jsaZyce58jkp8f9xpd3Yo,599
5FGvAkJKEFwXdjiFtL8uatVKP4Lvzfn68BvZp4HHgT8KKpXc,1837847
5Gy3UZNmZZHFmSjF42EEPUMvoF38yF3TQsavyzvDjRywzknr,68227
5FjXHB6mmjVjhKnkDQCnCT6EMYpgYT1sR1kjzAqNSRQ5RZJP,69884
5CUrsedJbBs63ZLMCgcTitns3h6DpVWU65YT4pdQG9j1f2Kr,16468
5D9qx8KPfU1Vw9cUcivPmUdDkypuMm6u2B4VN45JHsS3o5mZ,120312
5D7odCxAVGK8VN33A5r57pMSfrbX7woCFjW6Xr8cef4A9ebo,9860
5DjrddYDAZuPQmDM82TWtRytnaSqfAZ5PACsvLXJtHM4ddgk,88535
5HBxDEZ3miyizXM2ypQQjP5DEuXZktbsAEvJ7ruD6pNXP1Ce,7625
5DCXBC68jGRnJNu8XXwW1PZmZT4GozWDMcHkaFUBzXkEBCFN,12912
5D2ExHtzXDmNTRFFVNs5tGAJzWArECwAonYeEfntcdemogdg,198301
5DHcZh5SGH98A56ei8tUaFmmJUf98p38UXkvfS9L9LnmM9NP,3963
5CmCSz1o5Wc7NeQApryNwjjFQeLc7u2aNJ1d3hdbcTgwC7bd,20595
5F7ejwiBuZHW762gQDNZSwqEkgbWGYpt8or98FaJdZb9FFVJ,5027
5FjrUVs3jjyRMGwpy7bCnnhLJeo996C3P89vzzqS7gtaGE8g,13369
5GNdtfTm5spCRP8KjH7ruBY9mCd3FL7rJHkzKpbediKWji4S,10564
5G4mJVQwwouTVXw5hReHk2Z6gx6VvKXK5kkrbd8U1yr9FgFn,29862
5Dy7M13576B8fyeLCuzcUajM13U2TXYRvJ6GyohXCED68y6o,3565
5D4iUQ17ztuaEgkJBWFKy5q6hUyT491jWQrUisTc8UrmbNk3,100972
5D7XStUggF1wtryY7sgAwXzmterXd5NcLwDmGs1GS8uFT9mu,118956
5Ea1NFBnKBBH4mJUXUqJihGGoGvnRgK76tC2g89j7wTx3fEW,2950
5CSHhJAVEQiaHBBBLLvdAbcr7BsQUbJEti5uvfF9LoG16SAX,29080
5H9eYsqjPrm3FPEX3fYx2txa341UGHaJawpaBo7zQHHpPBZz,14927
5GxPq2QvrSXZFsbiNxwxomjiUWizNtdXJSnzDkVMk3zmKngf,2826
5F1bEM36qZndWWWMJCRrHGrwNxVZ2WVevwarRehwyM9HGnzN,157345
5F2KC6zs9DRwAhSENZdecXKEDbzdMntx2EEHdEktaBRv2ZcG,29645
5EJRzJQBX5LaHu59yJsi1yifD3Tj5dPCAQw6q2mRJfNnSGFD,2292
5HExCBCo4yZL4xs7rw4T9uf9GU2yQwRxFKcNmxcg3CWmMhaE,4441
5ECqqtLQwL2wd7eUQKbvUmbxj7Ax6Jt8FGss9ou7NYZjwvFs,8639
5FbG4SAyuHEtyqnqFXLxnaauSHvYBDg1CoWh66ExPtkHRADd,4389
5DkgWFbuwAqJ81HWCsGHrjBU5yR2ksDmqRCyL4ufKeDCcGYK,117416
5HfuRgzrtuWtDqE4Pt2AYktoGo8qYRRBPDZg15DJXu6nWg4N,3178
5GWgs5PRWmLAnicmRQTczV8sWYJLjAv67xxnExfqLyKiaxhU,11454
5Exg2qFcBBWxL8Xef6Ft3oc5GQXFZnq4jec97767XjynFjbU,6629
5Cm1ja9NPYR1AyEmBjs2SbjgppFrzXvFaquxLUW7iADWskCa,2920
5EhZANTnjNeaqZvDawmwiGr4atzV1zdtwhPZadVMttHDe73D,25940
5DyaoK19UayALJcYbB7hxmGGpHVYPZLca8mNxzvPJFg3RWZz,3156
5GKu8BT8Q2WUVtiJ3com9hzgiLLzMrjpPkW1dYdnHaU5FARa,5908
5DyFHYoQ66sQiKVDxZeyGcmMuG25q2DRR96U9p4kPQFQpa79,4561
5FNDEPEamhSffZJHz4UsHAZnLkmK9U3idWDgbFWm6Dmh8ii5,8008
5C7a7x2QCKoynMf96xiXSA6tr2NdRAe2P7QcmRpPyLGzTP6c,11402
5HYuJURnK4MVpLbyfLZjhAV8c3BSE6QSFV6anafJeWpoNT3m,11699
5EZfzSvfe4JeVFNKm7bAuusu4BBTQAZ1nDkgknw5pR1EXr8W,8732
5HNE66z29TYnnR8LzJ89MQd7dEfmHVkw2HLJtRX4vBRdUeKx,2281
5FjyV1ekrZYby2yfVKtp1cVMtdxch4q6oSGhmkVqi7qDreCB,5651
5FEmVUgdT7kfZSi1coyPAnWA3h2an4LQXvLD4ZWPUMDpziDL,13320
5FEkNaLgoKgqdEKKZFcMrQXkyb3HhjVB7jou1uvv977mDoUr,9450
5FjHgQMneg2LFAp9eaEACsSGJTL8EzJb2WPjYrVPsBHh9VDM,18243
5E9bzq27AbbS2LXFVCfxGkrpGFSa5cvg8KBorHABnbbyZzcX,2296
5EskxZed1Z4JqRHV566JdJ9VXeBsXS2QJ5Js8CaNh8ewBRyb,5396
5CSrTXhRN3hLWH2WJ3FAkoYTtVYzca7UTQiJJ1RCHy7PszRg,21751
5FWNrFkqL2bpzcSHJaFePthjgY1KXBJ3EeDVG2UdzRAMwxGu,19512
5CkTsRHXpCLC5ERZQqKvhHdZGc4zkFym9ZseS1Udd5QHbaQ8,104229
5GNr25Lk5Q8mTAJsASdhgFzJU8diBD6KJKaqBcNFe2NwqQKV,3043
5ELAnXWvM7wSwEmApBEwCY8u8Rwj4VQaaHiJnE1VhHnAUvaX,17509
5CQMZjySqTaqumzLNNZd62uEms578qUajD6awoYJBn1asGm1,5119
5CFxYyXYUCshnDm667kSmBm4eNyrQoFGePwn2rSbhtm1PWUy,15215
5F1u5D3NwWTs75RukN4X3Z3zrUrV1bNGdPZL8k4cMEqP2tR3,4991
5Co8PrQSboadypUcwkvYHg6wgDnjUNG7KbQhmSCoThsqT87o,24556
5DCLEvMJZeWHsHUL6eHNBVRkRRUADNvpVhrPnd2CwWeDX1fs,143040
5Ci4oXJdGRNC9dYN54Lf3QeCo9Kvw9N28AQeWCE6xtyN74cW,49523
5EbsZ29narWsDeE4QqHuSVHkJEL1QazFCGiCrbB9jHRqUbF5,8848
5ENgmM22rms1ADdzmC5Sx1rNANuLjoMWhUgSZZhNVBWk7wFv,30429
5HVt5oAf1F6ZJemMJPRU9KtDB6BXdyu4LEefwiChjdN6Kdmo,16270
5FxQbC64mUDnPH6oDnk9gFNynRFDatty2HKPwKqmwmsWLqHv,15215
5ENmw7BQrEi8K3UpshsULFgKH4Yu4V4NYDZ1A3TNBE56zDL8,152246
5G9TSxQmts4caFFztNACoyzb4LbQjLJPyb5MbX3RaqLSqjXD,229861
5C5uFRjpZvTm3VkwGFUCwdNiRGFoWwYJqESA1QXMA5ejDZ5f,651589
5HY9x3QJiT97DDz9ZUwA8K9C3QRp822wxLYGmHJj1HqFLpmE,121830
5CHt1rKAP6VAafN1pahQffmYdMWYYegqCtzmR55f3K5U351N,36901
5DFguBrzZywS51757tMLcj1NvZeXd2tiaCkqGa6XQWcDCvfs,11673
5FW2zDuspP2ZVvuTFNxirSH3QfFAfuaQ93mGzuTwE6xoHuLT,27155
5HTtBgs2BZbacgNR1GrgiXDLnUV53G2N7XwNVNgSWgZFdesj,22221
5FxWgDZXfUfXS6DtUNC5LxLmVHR6ZvortGQVcA1irVQb8EYq,154697
5EkFrwsQmw33AhN8ZTDrLYuZYjS1x1xB24z8uNVEiWiap5zz,31398
5DtHbrZZDDL9MQ3y1vrhx9VPhehrExcP8pgyijpzDPLPHRUZ,75705
5FqcS59S8HdHeF6NpyQdXfRpuRmDeH2Wut1WbouQS9n38eeN,12521
5Co7rbEWiovSKWEfoGJ58TSAaRAT5xe9FshGgBNc3ujJBzmm,10270
5CAtWci8f1x5eWctVqyeNLxc4oXQ37b1W7fk68hfuLiJkpgx,27850
5Hmg13rpsWyVyGjU1PNzniNnqKp1Wwg8QhVU4yqEiB4jUA4j,16792
5CAAJKduFykVGPQb2Vjmvji2Tsv5RR2Pxkumg39fui6YHvEe,23976
5EUqdDqkRrbCnvufaaYbVG1uh7YDHsuxtkp4eggDiQtHVmHx,7234
5D4cQGQ3TDgbJYj7oH9eHZpRft5kTpA4cTHPvLSo1QNvF31F,8070
5EpxxsBBeSaECLkT6B7e5qRZKHQ8JZfuphYRYCLrzsT5Kzbu,46563
5CqTD8m9rnzCYGaq3nKz26Xu1XaaMWS5zfZSEZ6gZAxfsCLQ,9404
5DUQYMerBoeELFzuVHhwEvzZ1kL8q2UUZJ6ndWK3i78oajf7,16168
5H3kCQMqCDmpfs7NXgUYgY9r8qC7p2g63qozrLsShTv7mGqd,18085
5FbXrUq8mqPDc2oq96WiVQwZXPmNqXzyi8vG32S8rZBMZAeF,36169
5GsaVsCkqqUgoTdjA8cWEAxA683n58CiG9w48VYmf9wqvxb7,38639
5GFETWYj1gpdrbLLRZqXUqRor4THLJWNW5c62t2e2buniDNm,26548
5HBBBWVPWd7PGYdYW7Nrq4y7HEcpAAVpyZ7jeX5VQ7phxvNz,5332
5Ge2Jr3a1W3jyT8A6YM7cCtTpWzcGXp6SPNNDmbWwERQN5WR,144817
5CFKnnEnGPKV8Leu5zgPmrF6gEPwtViqw4uBTTtxEnqLH4dD,82460
5DL9A7oxniVjjaKDMdgQZoi3g1TyHNoJvS4ochNeNyAqNU97,119427
5FgfC96xh1mJPqEEcJiSRgL8AH7Tzk5egrncy46yA5M5L9PT,33465
5GWNqGzPxTEWFj8LsutRoXCDQeTLQLiDpiTv8hih7S2fRnfy,3331
5F6UqZmqDaKnGFCqk8kD3fuRnqM4kzQ6Su8V3adrC4Y9hEBM,34013
5Fq2JYBQ6tXUk94RPXFo8cuJ1uAyuR6CqmuoJUdMLgAqnhtv,178717
5DHwuZmR8SbwRYRUamj9dpjPCDggEWEm7xHYnmp1ua4weB8t,683992
5HMbcoGqT1SXvSkauyp2ethT7uewxyBBwoRjqb36RLdnqDQJ,133323
5D4nBRL6kfs3iVYC48pgp65g6EUwXSmSiSZe9drxFFEuVLkY,3657
5FpNNB4qxtoxyUmT8oTyRZGvU4HzvDBKdKoUvPNMLRgLCioa,3226
5H3QVNgYX3E3LVoufJoKcCAhiyrzuaTbGvQfnqZaYkmbPBT5,9060
5DSXtp5dtMPsxRtkAgen4qzhoSzNQ7GuMnAkPjL75wKZ4MxK,2276
5H61auZgQvXXATECapVyfvnRC569iPS2FL8JjGLJeLbhYhK4,97762
5EhtGaEE4hcHggj4kNCXgdbdr3gYqQETMGTYz4HoWmvysC4W,1947
5Gmh1VpGYwypUkeUTRZZ5ekpqGFKGakK1kCcNMMpFx1bo4cd,2201
5GWgN7gbSmzg52SLLiuKDTkvsLbHwpQLfw9D3aAd9i1R9sc9,5516
5F45Gw9C9GvEro1syRhFH7443sssfbhMhQ37X5gWp3ULi3xy,4094
5DHXFasxLtvLZBh7eJQKNdkyKWeF7triWKH9E7oxePRvmnfB,4158
5Fk2HArUSy276FvNAY7cNb2RHATpVaybVh56Ez337Ro8GDja,1783
5HYdnJrnAHJ8cr2sAk55EiPE8wD8UAuANCqz7a1gah7JtAFg,11181
5C7L7Rz8xXnGXSM9Q5V7gwUTuxu4tadvVtprq5Qfc6jf7Vte,8079
5FZHRsYCjuEJMF89VDC3mFNgabFW1Ya2gfTNAToRb18Y1sUb,1856
5DCxePJgRrwZWmskirvV8be4QpWRU1FkugCdULdoEPrp3bKr,4275
5DNwHanSFEb3JxWrzUrfkhStjaDsT6dAUorPwVnUVNEqePZa,56421
5CPzTxcBeZvuvqjxNpumpAbJRBHGtMCowNVhxuYyZxP6Dj8U,1871
5CAWCV7h96o4WwwGqd682ZrjxqXoozqnPfrySeT1VqWC8oaW,9294
5F4DRaCybwT9akf38XngQqMk67kuxe3857gsZSKG5wABndPq,53479
5CXWavKLkHg4hSK9168udmVYuvqX591TVWUQm1qxy6SxoMqd,3359
5CoQbre9E6oaSq9RzcqQJCd6qcNEy5d1YyBnpLC2mqoubWQV,1441425
5HZ37cng5Y5DtiV9Yrne46n9GwBAUKQYiAr9vLujjWddbGj3,148340
5H8ajpMSJKZ99PvHbQADi9amXb81amaedT7u64V9HDouQxZ5,30141
5F7GbspeEd4b6uo5T53Ewnr4NXTwPHUoDhh6krMWxkXHrXmm,18132
5Ey43GWz41qDc3YFpwQ8fo3JH3ybVyzV3jg8UBUsXwY5Z8nt,100837
5Eqy2JW7rkySgf2PJcV25MkRSSrQPXn2xfEfN8TuHvyJ32JC,145399
5CXGjAJW9hbRVkUT3xk8AH8BBv9djDgyzoypxZ3hB9XKSsx6,93913
5ERxHcrQDcjbfzdnsEStPoiZpPaqUBha2SgfiPXy1owEbTue,53691
5HY4JNJNXoQszmRUL1QCKQ38NFBHqhQS4peZny7K4A9QVcWv,72807
5FsTcF43rSS44tRaBpur5Tr9Fx8FceDjNReYAe13FHo3EMeE,3662
5EFCiGb5DyxrFwqNz3rKAdyKuJe12JmzCxPYeHZU7h248Gyd,34390
5EpoFABFEbubH2in1cbwo2TG3UQiHsHzcYiRwhQrf2mx9Yn9,144775
5C8S3hHnWGPJSxkkTQbAmUqEJatvVRtv28EXTLY4fFEnXuhr,7655
5GeWFkaJYrUjJJo86KKryzU6hKXX5DQLe5yuoHS1ATVBmj1u,3685
5D5am22WFSuHnkddcAvk6de9L7YgDyjpugZokasS3ZSEnyag,21179
5Fnzbc9Jq6fLftxDrb2wgzF2DZB8HS6dNNNn2SmV9XKAQsw3,24947
5ES3oYmq7jjRE5K4h1LQZHcmNtdfXBKNbRiRPsV9biW2PRpi,3355
5GZME4sKbKuUeUCAfrysggk18PjryFHRTWK1b1vs1m8xTM9d,11019
5FhoGqDx1gjDYwS6KcbojeWE5crbscTF5siaM3EtWLL4ji7e,245685
5HQnNUDQGLj8xu2b47AxCSpPxWWRZAeu7Y38BaJuffr3vTHD,12489
5FZpStby1tcA8Tj7hhHLPH1sdovvon5hheivuXxSPJYy5ww9,68549
5EqYuu5pLoWi1WSc2HiLw3aAfDtKNF5196sifDyudJVq21RW,569086
5Gx5tvPdN2YJd6q7bzAMosczeab6CDrsJCXGhcYgmY2qBpPW,124703
5HafMg4ZNNYpJ1rMqkj3kzPhD7ZgZwatu24anXQfyKkZUpWL,2677
5DcYAtJk9Q7Gkoq6dAJYgEydu4fpuPimFfvyN9tCxupZ1GFY,26542
5GRT2VdxXYLiZz4jCRKnHmf4Hf5UUXAd4Ld3hDvWbua5Kh65,28170
5FThLZj3HDEaZvuwFMBG3e2f1BsPYnpTMr6PbXZy9eAieAy7,71850
5FWk6DUspnBXiqAfJCZrndRFqyNN1pSayTn4iHMpzxVpSoxM,2106
5Ci6fzQfkgAK13Uqg4n8AH9Q5Py4N7CzqB5pG7ptLW75pHJy,132485
5GQoTUFGP4CJvTZBAoXjdYwzzTVaeMTyC2zbTDzngTG9vCgk,2323
5HWF8F5eVmnuQhYWTLmeuCBDhmyEEYev8pWXq9QHmYm78imt,28871
5EyZPpYehkq1ffawdKhcp8S3imKySyegLv5xzVzattRVnmXF,25614
5EYz9vnqrgnVUVzVkEDiHcCzhkT7TyjquWhRR1r6LqbZe8ME,4399
5CSfiS4ChuT1pJ2EVA3x7LXZne2XfC9rmqZwnEMmmvwGa8Fy,2834
5F1j3dfetsbDFcFT4BhwbTSCgy7CzCrb1V54hLcNXPave4MV,1181981
5DNnZbexcB5GGws6pkZyMosjcYYGvxDs2FwBTkNieHb4eaD2,136965
5HdZA5FE1Jbjc6Vft2mwtWnA5uDymnkWi5u6Suc77gwP3bpB,4120
5HH3myz5J4z3ii78mtAoswx6B8JWcnS4ZEdr8mmZNk1H4c3Z,165018
5Gb2qzxWDrcfm4go16FJecMCekotznYwj61wvSvbyDyoCoCb,41193
5DNpPFFgmpL3BaMbXjsGksWqbjdEQwARdTSmCtUYQBpGgfdw,11946
5GmsdXAGNQDmzYLp38vNLStZnj2Pp8QX4C1Zz9Dbn3ESrZyS,102981
5EhK91vhUDK1c2gwp5TQ3zqMK6rX5YUzzpXcUkmEykRim9yg,42784
5HVW9t9XxtAbPANMKQqUpNvCSbS2XkVHmbt5tBn8X9Gv9UYx,82385
5DFdtMzkhh8XPwEu3JvgTjedS2WnP6fn9VR7BudGE92GwwBa,8239
5DSKBUuXA92fqGFrDvReStc15QkTrNpeMWztDMLo8KKzjy7F,6906
5DU3upNDqHgr2sXSxsBP1FmPWMf9NWmNGMCr2K8erUjH9EiQ,74147
5CaqRnPZuir15H8fR2Wk8WS6nmcxWgfPqAw4pEUQrZPCDhjH,96224
5HjJybnPSRzosxEneRSehA7iNpe2W6w7Vy9p4g2iMwa7TgWu,12975
5DtCgyD4CKNCBxVn33S52ZWbp33VqxDzeyyQDahTPrcJWmsr,365541
5ELwsy5vdAYLn6ANiEBmmdD25J6bPLY2XDmHkZKFM6tnSWoN,164930
5CFoPKdfQpSBtefLWf7gPNSc5Z75jKCW3pihDW5jqkzGPsV2,3273
5EtMGofuzZsY3HFxjzAVYzS5JGZ7couz3Vm7FSdNWmiTeVFb,11760
5GgiaVvb75sMYBAYUb8JfhvMi2RdiJqLGNHX1ct9BRTpb5H2,13458
5GC1bEhaKnMhsKLtJY5bQKFVkwYPPq7VG5zNjL6rH5h8Y5Xe,363610
5H6XkNtMb46y3ePz18LZgkFAtqHtjedHD4opRRVLEXmsavLo,35921
5EKtejZ1K7dym9pJCQWaDYKhFRyz7sqknvngnb6oqmQGFzRX,4055
5Ci1s8UHZyx3sGV27BW9nfbbjKMp9psEoqhHtw9DHWvRkBFz,3273
5DkV7m79skUTkCrfj2q2pTQYkuTF2eNdUbwhTJFgXJwKiXwR,185048
5ExpiJceHqRkt3C86qhdXfkKRWssHEj1aTZsUsADhR5Rc3cX,6905
5Gzsnv7pwoGHotf87Xbx1C7tjesPGg1xPJotQ3qiwjTTMDsL,448983
5F1y88GBYbVE6mn1XMC6RLBY6JfJhbS1GddQjquN3GCWv37M,147264
5FKuVosPZvNb5vM3E1a11bQiJP9xLT2sLT4xxJSqyHJrUF1N,52727
5DiAFPF4NQxEY4E8GUJ2XYPASriKDxPJarzUktXHEVBp8tyB,13240
5Ea9E12odphyTzE29YJrvDv1Rj9NyxDJd9zp5Y27Fk8A119i,6923
5G9NzzHs7K7e3ZVPAEFD586Y3mtLJnN7RbHqoMSsvi3MDf2C,37658
5F7bH7vEopHnGTEZ5Cgfy7FTHT9bMfT9tDQvvvUYHFdfnviD,31491
5CUKRxwRbi3wcNK8DHGWhbMkAdLd2gWi85Lp4sFbhXWQwdrB,5673
5CwUimE8Yswm5HQh7KCJNcVx65LdmTw5GTwdfLXJfNGwbRPW,18070
5HjkCswwRkSUGNY9RYEqPfnRLAbPqjc2iRpmDeXhPxwVmDhG,3782
5CSCaecpGMWy3ufqtnMjJE7EHjDkXXXQon91SUq2pQeLAR5G,30673
5EecbJB3UgEnPtMiiHNc6fYsojZJPzhNLD46o5DPiXdnwMG5,29244
5HmfPtCVnGQGwo5iKfiXZRTrUwgthRbAU73c2KWtgyyRKHJg,803141
5HNFjjmuAiajFTHxbmfAjk1uBAK49qKGejuBJ9coZ8DQGdhs,170148
5EsXfSde3b1vp6R2s5mW15AvoTwkNzXPFgmgXWFFwMLJdGXx,560
5CVYVnYYeminVtZvJrCGtGovPNxQsMsiLvbCCSQWJKzHQCHh,1957
5Ff1ef7zYK2ArhjQePWd5Gk5B8113SZAmRCq1z5pF3N8H7SN,2527
5EZ9eNKPPiMr2nFtqmxsyiCoDGBCDLSuoLqLseAqpwXNnbMZ,7259
5Dz5GCRFddtszj9LZFcEiRhcjzw9Q97g4CxHQwySNPFrEss2,444
5Evf87NYzmuoEUDFJwpj7iX5drJTrG2Szr7tVeKtWCV6HYXg,693
5ECKneewiXS34hNDBJ2HAH2ttJv1mUJF7bs23tdUrmAbH74K,196
5Grg4ZbgmGkbFfaa6kWexUjevke6fjagqQeJY9UQ9XGbUQtD,593
5ELb3GSHD7ioupPQphw7UJckqSevh524m4m8W9471reGGedj,49904
5GCdD2iGDeYHUHfpKsivgMdFyiBurPCgk6jLHsBWtAeGD9hd,24546
5Gp9fudP4NbnZVTBknXpwx6tehV5uXTHt7LnPn49piVF2r2M,2239
5H9gRS9patNZczayMPqX91xrCGqQq9cfE4Lj7XbWs8rjRLKL,3127
5HCFmYDQzUQnTkVc8YYTVx6ytcQEaqBCEz8mCmeFfrMkXkGC,655712
5EoEUHDqXz4asD8x6qkSbSbPJHzftZWHHWJ8uQHZiBB7v9WD,277
5GDyxiAxa55bsVkquZGLW7a3X3DvemJZBQLCa3JZKR4dWCSX,635
5FHXZZ8c47YFAmomfL7gAW3QANfPQLHpvS9iU9P24UxEtizb,724
5CFMYtvYdRVvzRtXaLHgmVGLbYU9u65US7wGSPBEW4YYg1Kc,1175
5Dhuhds2UU3xgs9wnsmYiYvQiZMmhhRFv513DxEPasokExqG,196
5D8E7DbAGXAARFDopuwRsLtxpCuT8dSaU5xzhvo7JGL5rHrd,196
5HnECr9TRPfRNeCoYAThRbrvsoWyfrNKfwf2Wj2aJXZUPmKH,648
5Dr4B6nDSoj7i3yNd4KouymwGbnVCyFzNE6eSBvVtzCT27nU,588
5G3iRids3NdWyJHF4r6RyJbBSDjLCF5nkfibsQh8F8vBNJSP,489
5HEKLpP5pUgBvB7ZMTi69J33ZVyWjoabF9y4yhjQj6MgBqg7,1498
5E1yyCUFwBV5omoQUXGbuWxcxF1f4epBscJDLMtEM8JqSYfA,1179
5FRrQ1FThFV1pDndxx9GTkRYAppcaAYj6RUhRv4yNksEs62U,364
5CanVAW8Q1QqMDMWpUkDiFaSV5vQXnp3ay6Xx6iZShMjvPGd,509
5Cu92Bhqpj5PpVQpCCNsojCqFhgAx5DZKTZMTv7iifLJhm23,109069
5CFyLJfxK1jcUWMM1RijZo3SConGAPqeKNnopnvtmHAqSV4c,1073
5FZAL423CQnL37bR5oNsm7M6JdNj4idSJJupzz4HLwNuovd7,765
5CSYFgjhj73EW5tNnXxAjh8z3qjivNC8Je6vKbxCfygFN8Lr,1879
5GUDAWHtumaX8moFt4wC51Ek7akpGaVjSeRo5UyQk5iJZbQM,996
5F9h4vPtNwQm4mqz5tYTT3VBhpx8NKYWJh1iunyUKjHCasYp,1505
5DnsybUvYXmFawZkxbkqYRfBtMhK4i2ooaJjofZGxhBgVNaX,3032
5Cw1x1stC7FEFyoBfXiykJ15rZZxR8Nf9ZcCfGygueaqwaHp,13112
5DfUK8SFizcJU5GJCaN2bet9frYg5tAgWyazooAaGCCCGD5Q,196
5CySuhHa6G17CHtf6djHXVKvrY7Q1jWM5BRk4dS89PrGrGMx,530
5CLbFuMKMSWhLPsUioLm1zrMFG3NKHJJuCAHRm4n6mYoCFqk,1105
5CFsQaRXMrTmNtR3ym3Yw92tX23T7hTaZT6scH8SMcKix9kH,2003
5Gn9Gn43zXNLJGsSiP84DpeTe7gB9hi53yT5j6FYJsWVpjBn,601
5GKcuJX2PdVtdSgB8GZXjhXcByK6MSNjxNiEjBMmjh8WTzgS,2505
5EvdVA2Xag4LVARuiwxDzZD3rxnPHLJXJ1DjxEdHDjDomavT,68098
5CHxKnGvMfmX2F8SAA6PVutqbByVgrkCc3aFEr4Y2RX3aY86,216
5CdHBGHCq7azHiLjZ7vCcekFVdfZN7f9Yo1NcnkMDXHxAAD5,691
5F1M1SsadN5ot77ydqwetNAhLGk7QygcW6kDFmS18QuWeDyS,936
5EqashJ8Nw7Gxy91hmC2JtUBarNDSEWL6HuazTkFZ7UNtQu6,1957
5EedZquV1FJQX5iFANKKmjDWra8e6yDLWg5D5J1MjDMCvuZK,795
5DGAJnTcGWrbouij9bMCvYGQ5amBt4hgcAaobCxASyKW1gGr,1460
5G3YAxsrcCR5HDbui1Tf1WAcohoCMaYDqpyTrRXWgZD6gSi5,392
5F4sFigEu2jYKZxTyCVDochqK7PmRgF6aU4qYNQjSeHeZ3b2,9785
5FvWgJ3NNgrck4Fv2kqqVkxuQ4GqwgdZcDQUdTuJAD22thE9,196
5CGGJhRHod9e8JpS1b3qrLpiZEDzgVx9me1ULUQq36xWvWzt,661
5HbnUYaAss8ExFW5JeBvoj5RhQn5F5cqkiEkfRuhs9KYXhgW,4035
5Fsuruy21FXij5nGVYde8JD6LZdnRmqR18A4D8T16NvgwqjD,2294
5EhCoZ7RQoMmHUEsfzzKf6kRE9TbpjJ6feFccuYEh8AZrWxr,392
5CkvtYBx7i6yd1edw3pB3jvFeLBeRRk4XVrgRgLFdjJtipy6,392
5FP8BxwVyN9xGB3yCmmUDhd2D22mGwmWYpeavE8nHeW6CgfA,10286
5HpSdkedJv7cKiDSZnnJRMuEVJeAam4YGUeoR8Y9uwWhbpKa,1391
5EAaTVgFccWimpTrMybn2qKemaPpHNerYdv6apzScrDf4bc7,302
5FC1agEDaB28JhJ3jm7B7TNjZ1bxfubzKkAYaufmJesbpkov,196
5EqN1ihLryvxvgZCdpTwffqtjkdi2TPPDwb9F9hHArp6SC4i,1126
5G4BEkSgurRHjXVm1nAw3aj5i4t1npze5WEGLtyk8SU7pdzR,196
5FnD3NG66H3hCaXwkH1YmwnYpPmsAh3XnwpKGmSXLEKA2FHy,1365
5CijF4HL5UkuzCBKoW1KdqFcMXCfjNFGtz13Vnpi5U4AaTua,206
5HRSkM4D1N4HXWhsBDjTFfvfEboQjYyTJSo8obdBzWUcTwaB,1911
5HdUBTbvN7VMLFGPjktqAaKdnjRKozBqavyFAvhSzZKFQQ4B,351
5CaARKEfGEsYKxeE1UbUJaPoFoCSdiXBYio475fvvbr5kj1Q,716
5FHvhB64UcZe2f3yuDRRUKXnYUwdUavDNuhNr6BhYaMZy4a2,5885
5GnNFoyWUyptXZcKhFkPJJoqjQypGiMrSbxXC6FRuMqCBCsL,297
5GE638WPrXrmRkQetiBNMbvcCbFaVFs4dYPq3jMiV1sLUijT,1237
5GKYbVDuCPtYN5iC1qzX67g6dfhrNv6d57B4i73yoxag7khJ,676
5FcVZdZFMHpR4o9xf28fDh5tj8oyKpJmd85PVkF9hHHqDSNM,369
5CabnofTUogFWEBYts8ZH3wstkbuBVqGChBPTKExksKbiygg,375
5HStrcy99ncPPxc36D1syXw2FkmE62kPByyj6Mp7BZLJSRE6,1892
5HNdGQMpPrUSWSK5Upqv921Gs9ckCz4qxFCVcaCug2RKLRQP,598
5F2KcLEf26zy6oPKc8anAkCbqorTPhkEHNYGjN54pnrQrXZD,458
5HWUUpM5Qz9DYvwSf535VBwyYu8CGgGBNhQgk4ZdirLvGzoo,218
5GRcANmSE3FZxcFU3m2w1MqZ6hV5ZAeRKAFgV5TMb5RP7u2F,2136
5DMEqTD57Dz3UuszYQ1wHFZB7nBq3xsrZVG3jL7KcDZNyswU,793
5Gpn5D4pbe42QfuAvBJ1vzx7p4xBkVrFs84Jkkuv4AiYV9cZ,477
5GKhdSJuSNvMvVoxTgKpQ8HGqQtFZd1UHw5kdk8P6Ld2Z5tp,50983
5G8pQPdPtmESWM3tLk1xwH8xthx4G2AKaYDJ6nuwn3j2MLMF,12823
5Dyu9w7USUwtN2ZUhthuZbx6ZsiSuJDYCcvTx7KwDyaTKbN9,40262
5G1STFidWBgU9AZqYeZrD4J5FxZfVp4hCr9QdjZ5CWyL6rnR,61346
5GRiZrdqgKBpYhYyXLCXRRct17zga3wfkawrddgNzSQU6yRk,118021
5FA4d75nCJNwqGr9GGiDJZGuQ4ZG7G9BuKQgMJ9PN5ATMjmw,42542
5F22orw2Pq6PDEP1i6iZFdVm2JG5LgT89y7zj1qd1k8tuJH5,16496
5CSdZCqvGH5hVABjh1iA7nSS2LoVkEk58WQyqMgr1x8ZfjJ5,16026
5H9KYVMHKtZ4XPJvi84RwRH1mSuGyeV6ghGvKuSuBCZMesSY,108837
5F4yhr5HwXbFsvi7TqDinot9nRXY75tDgK4dHt6PXbXhNLxT,21602
5F7Kd8eYeX1vRgnMw4jYHr5ZGrdtBC418K2XwvAFvoosxFwg,34289
5GhF5bfWw2AmK56oJTRKox3cmt3ZdRECTmkM2Bv9SXxiQ8PB,7091
5G24MFGcThQCWrL9Wah22cTyY7bUyCjABBGKuxsgEoh4LV9e,141903
5CRoB6NGhbJYryjq24LFnAthvJPjjBk2ibfBEMVmK8pYGwEP,40501
5D54RZtpHMZ9zL3vxzVb1KU66nfpkpPfxYbmERp9Z9amnvHs,270051
5FJ3EJyw42gWXBr2AZotr94hC26bT8596be7pYNgwb8yPwiT,4731
5H8XAk9UUzvNFwv47akb6iAAY7NMbyQs1WMU1fGp1Jg3LAoG,5903
5FkGv2xVuwAFqzrYYujbTrk2LK7NtP3NN9VhmwVvyvnoYkCN,16267
5D1w9VVpTowjodg9uRSLreFnu18mJ6vF6dCWrYfeHAf6x6Hd,1509
5GN3q1gKXaeLFdwS4etk6KcQKy7V7jtzWKjPgu8Q2iu1AsWT,5402
5CPu2JSTpcCYYNYjS16nESBSKcyS3sBWDgJQf99CnVLEtXVg,1401
5Ff9Pxe8GFgufoQdbtiAs3gQK8ewyzEs5HiUot3EDNvVvA1W,1756
5DRWuGxyAWYFvK2SwWcc3hPFrberFP2zLrF1257Uj8eVpETZ,1829
5DtuToSwDx4yg1Fn52LhoSjK67PmW3MWDQ7GSV1DgHXFihue,6561
5G42RsrhUktZv6xFVgWuAY9ULKaGhvh4ZUQCo2Ev8GrkQQa7,15437
5H6YGL6mK7vZUqestRmeBLf68WEWz9SkLDsgQQbpe8NQrhez,1646
5HKfNTrxoiHz2PpGsM37nWFAk311GT5dbQGhioHCjxiEXAc8,1479
5G6RE9ufMLba4x7y5u5AgcZYLs5qzgrvPpPSio968ytx1nJC,11633
5DFix7qraSBa8YnsumrT1DpraVc72ePqrDsyZCr7jnMaqEQ4,13503
5DD4eRAzhojnb1GiRNZAq5wJXBkYEEo9mNs4yps7557sshPf,1412
5F1XGvkyNrhvpP4gWBRwZE1RDejohXhMmmAR4fBLBkJ3C9iS,1399
5Dt4ZYZg1RM3t4ThsHCrHuWFiMhbhwXFUC4kFQRJhhMDvgqW,23420
5CAHNaPTjS8xp7YdFGLiseBVgC8fRJXJ4sY623Zw2ucGURyt,60823
5HBzrgTdtrw3XRENAnBLLVVL7unfhKBF946T3SL2tcxgTzeR,10469
5GuRdsWwVoYmrBdABkkT4jUi8NSRkZNuCu93hMsVeyEihQuC,2701
5DexNnxrNrPA3JmU3xz4P4RibcK3M2uLhz5TCW2sj5Z75rrJ,2283
5CMVRDAwPNymueRLkV3tKMDE3oZdWoTuVbt1F5J8KB9THa22,2031
5FxTWiGKr5KNPrNUM4iYH5YBzmx1myLJXFizvcvFgzAJHvAi,2116
5HTaEnGuEhZFSWd4Q3ihoTKbN4puXNp29Z6E3r35wff5gQfA,14660
5CRuTmrPQNFpxvRVAQXRoQrYEH4GVSMaRcoB1PSPBczsEgPT,2701
5EJGwouCEbexX8ijAmcAYFhS7VtQmHtFMZZgxTFB5c6R2hdi,1939
5GYRiJXF4CXnxW9ENWnRE5R9VdzTZzuTyejQKsTeVYTRXjKv,7645
5FU6iLRSfB1bLyXHGUf1vKwCGKSWH32t2qxfjFrjNxJ1EJrq,1351
5Gri29iHxAPMtZU8Km92P3g42ENGhXoME7Prya6yeC8goteV,9859
5EUV1yjDatqdifep6WeJ2K8RLRA6aXaGo4BpxamVGKrdxP4H,2977
5EFTrd5citaVM1rmVcKKx7LjEY9nhRzZYDKkWDkEYDy4YYUc,5102
5DhJ9gcSXxVZH9MuyHs9w3s3xuv2wYGhkeu6v9eS7KPWLaws,5266
5H48YM1fCTMjbwHrXzqnwac3dZS9XnBaUR79TuJn51gSEUo9,8379
5DhtchMdHq1P6YywUPCVJZsLTA9xmvZnR3FA8n4LjUmcPoaL,5714
5Ejy84NfSALPPZUodQmDXhL6mYu773iAkrb7bPLp3z6RWEym,18134
5CSPDqPsoFeMMeLCi2hPCGw98qEThWQbobeExEfKCQdmWo7J,131306
5FHu2S6xzHx1Wet4W7Z5gyXPiWy2onvSjHZVSqdRWUaYS6jJ,3381
5Ei49udcu2851hicAC8imgcn5XUupT5py6u2UZckzKzLdP6S,20827
5CJCq11LVZuYM8rtkm5TMQiNaHi3rHXLrnVR6MTFCpreoby3,1798
5HTHJX73r2qApD6Z2fryvrpkKHABnyRtXWabFhJMbkoscwZv,7446
5EUGN16HZccErmisukFGeDCAmUyW6r2kwt4VV9FhVdUUo9rU,24252
5HE7FdaUxYCV3zJk9fVni72WXCyFoVaKW8yrqfkFPz48iwVL,6500
5FbZfgPaJviNvoq6p4yTttiCx1fFc2sV2sLSQgbQ1bZvgnZS,4057
5Equ4RRpFBRduTE3QZdNwkbR6zLfkrP3FyrtqMCZwxNawfH9,6007
5FhSXvA1ea83aJhQPLdFKRAsRo2KpzUygCdEKpWwN4PZPY1q,88499
5ELRsxEXRyt8kqBqKi5Sfj3HsvBfuSzyJrwc5PpjTFyXqXQ4,1692
5E6tqNtRfa5wAegegh1cqKQRxbVAjVCBshuCMnhN8JPwKfQY,16380
5DLQmg7F4G1of1HbyY1EZNY6S3QsmRSZFLwSJUNEzNRAwbXy,35638
5D9iJuPtg9AUQzLY7cnFgGCrT8WQihEUPSjUbgWbfBbM44Tb,4261
5DXhcoJupbMmtQJzo4syJPqACPKP5yT714pXMc6JHRUfr4af,28116
5FnWV6GYKidwLx4KSDhEqbZL3RT3JrZfZ6s6dghy2M7895yb,19542
5D1msjdbf48PA5mdV1MuKKkd7AKyvURBkFuYxh71vzoe5u6G,13521
5CkDW9qRqupYoJci7ALuJr5r5MV43bHHsgJ45KPVGJ2GWhwi,2890
5Fy7411ngzoYzCDoHuk2M4atAQ5SoH3Mf4wfAznzzwW1oP1N,1376143
5DLV7RVNDE7pEuZ1i6pa3kFnpiR1S8dtnRfYN24h3BkhSt9R,151736
5D2EKRs4XfCYzmp7ZueVagABcbxhf8TESt1NkaBtLVgn6Vg7,371804
5GYffRvcdKb4FJkShttGUxTwWQG3skWAvAsGGHeH7MyCEX5R,14873
5CoiDNKJwhbAQLAhRpuNT9jS5nUSiVKYTmfn6uUKwbwrAE7M,22981
5HKcyH4pNNFPJ1JLBRxK6VsuSSgAxjXEFp5voqkMS1k3Jv5h,15137
5G1uDLhQUx9ZmPkYMVvYFmS9BramhgfAcUpBJD2Z6QZS68mV,28944
5HTpxqwFpjYHwLr5YeM3Ktqxn2NGEmKFMi477EDggXWMoHXV,4755
5H95APHgWihPdcxw5PaD8pxrWh4fzANju9tPw6Zmpzq3Fvxn,46179
5DRW9CexN74DbFCm4vch9nzjSk48iNGWnLzUHzxgXCKsPVTp,167282
5GNLSJdwxw5hfikvHnBJTLfotZP5y3pjnRhpcEksxRe3K93k,55336
5FnJGBpDnFAS2kqb8rhHDzpW6n3nLqVA5rtqJrAyBHUdYxUf,43465
5CX2L9BhTDZ6dtDwVntyL1MzeVTMKgXZuiDA8B17wG4bFAux,290212
5CcHcZ32yN8mA38y2zGG9eCqKPLT5gTMw8N1BReWTTf2DbAj,793745
5D2DJHJmkGK3c3waAnGYdh7RfkpTSct1n33rG4Wx25CN9wDb,748752
5E78RWdcF9LtsMsSGbu6NhUdy4Hfq52b6LtKavjmFgZKjbi2,139030
5FedFDQ9h2GqDx74RGcanFSbgGKoW95EpVFgbi2oPj6CwUNj,20447
5Ey8dCTd3wPM2VnBJnCQnwu56nBps4nSEajw57vzv9iwpqgj,57867
5C7xSNSL8mnjk2WwPPPbHPchYRBmRhzzhiuWGQDQuDYPs3Wy,174453
5GNo4j7rCpRz3w3du76etP31JhqTyakBbYvsmD1pSoR7N5b8,120363
5EHMqi641a1Vq9S9spNvuSxMoKZ74KFSZEGdJrnDvup6duwa,50443
5HN2uttgzAtULJQ2dJ3Yq9AsjjCemrxLvdVwGEorj1JDK2rj,19343
5HgNc98MCgTbizqA24FE2aEiG2wYbRnxNfX1R7GsjWwNi5mg,84872
5DZVfPiBYej79Uq7FJU3Fbm2CUPc6d4VRXB6jsZtNdKz5dQe,22839
5EZeTwx6oQTwPviR4AzkcQjCUTagzG5xo1RYgtv43L2tz78j,31047
5DXPZseMMWv668T4o5JWfHsKAHV2JhM2ABvV5gqhikowUmNb,77156
5F6aYsuYMYiE15gXGECnoF8qZNFofEYoDKGGNgZBRpkvXeUx,43831
5F262PE9n8ZnHinzB1PfpRGBiJ5KVb2Kx6QXYVFx71EjKWvz,6027
5H6rggyghnocQJbKEG9KhqDkYMQmzmHAaZJfu1rdVa49rktw,167148
5EUwezoxWYWWx7TvQ6qH41i76ZJZyp2eHp6WGaC2YucnL1F6,5956
5DhJzPSzsyc1RozRiKHDenfS16QG7uAzjdq6Pz52Gq43M4bE,9965
5F6pr771BxEqRvjGCyaJW857AWZPgjjSDCaoBrW4UA1JDotu,5799
5DcSL3k4h9DTcsoGiKS31uAUdwFv4BYCCg8UiNqXxTcqCmCk,3322
5CAya79z754AFm6m7AgbViKbS4bYDfh26FPMPxkbbekeRmPv,2628
5Ey1zTJNGrqe2Kpa3iwZRshrCTnGXeduvK99wbhdNKCYEyF6,3552
5HmtJ7yDAMVfvxnkXb8Ks6HbDpW7fmZ2CkfaeS7SHUmRv8vK,416
5H3WwjnGvdPkiuGU8gySjmdaLnaQV9Ru5ayScrFU8grpvEqF,416
5FUFzTAmM2eZMxpjuMbDF1N2g5pZKmi9a5d6vrnBjVv1RyLh,416
5HGmgxmqVi1nAjrs7LqLn7BEYCZc1aUVtbakzsRaaL3U8HgQ,17773
5E4TfPJEeLydeA83venxYeBTorBkyW39RiKdXxd4afU9VC6v,12049
5CANDZV3PfFGAiDH6GH1cAvsLH4tkE9vYjjcdRgyw388Jq9X,15069
5F9VJ1SZyy4mCUDE9G7B9kQyPAHwi4vdbraH9CMUa3ej9nHb,2076
5H95DQWCoZupgGQ57yxfj2W9qdyoGxJt4evhc8E9yup17wKh,1993
5GpionxxSeMWDzTgMV77qMofcnjc8hKoa2GxSnNr2kyGmnFd,3978
5GLRYj4CpktqqMohhMcMo1zhWnL75sDsVVJobWzZj6uqzWe8,16337
5ChRwe6PQhxpxSYYfC3XFANo79uaVTTGntR1ieMWXLH8gNkQ,3420
5GnRapfLoD2CmBdgDTYBNKYuq7gVX73DMKciMgjTHqrKKqMi,906
5Hijig5o8JqyWNTbryv9gvxT5e5KR2tCwxca2iqVid5aE5or,424
5EsUngs6doNjt4nsPTjKo5KZAgYQtv2B8z83GPhor5FDoeKz,1450
5CUPsw3TVQUzzATtQavi4HevxDnsnAV5729dmxzsYdggnDsQ,24732
5Ey2NjDcWcWaQBg7M7nXozEz1vGnmbBfBD3FmS9nNEzxQiMY,2763
5HSxTyuBqu2NmRyFE8atz7Zy6uiBEw9Uin1hxn9nMGg8ncac,831
5ECpb5frEUGpY2ZMKEgw553rgA4hVe2VruZsdUwXUoCsAFrV,9659
5DymA82xGK63EavYdfkNLP1Ry1GF9fWLuyUAXFjeH6JnCpae,8338
5CCtMauq64pma2zqc7vg76bGVE2z8iABQKsJAkCbweTNDyd5,4933
5EFJmjuBZNv3fJtkJL63gpDo7mRLCvF5qRV1WNDZkZ7cUkE3,922
5HatHmCQtwQFGcamLUt3WRADmzHkY6Y49JrxWDsUAK7zMLJd,25038
5FLYbVTuDYqE8RiVJCygczYgfMhbYFoMs8w4SE5G8KiGdhqw,416
5CtPsQRAFtCWAM1DH8f1nmEQvLsLWNirHnmw5Xk6XqoW8gMK,1279
5DfHi4AnMxTPa8CytPN3eCkqUzYsMjH4KKyoppNLKovvvwC7,4655
5G446rQb6g1w58E2F4MTU1z9k7ycjCpN6ZKoJYk5YXcMnCa8,1661
5Grv3unUsQFzAGKZTxzkVUZaaRJtxabHtxdLywwaAVs82p2t,5726
5CZcVeRKJzTfBMbyhAkUexAmbNFHyjBUgr33oWXdjMyDDap1,646
5GhQDsUkM2J2zzgLjEtpq4ndceEgeRShPmEYTZ3yUVadcJsA,2377
5EvnbNAQ7gcAEgjVq3ZX7x8jfp5zXfyZyWMScb7yATRnZjZm,490
5FgyhSnRKwou6pMvWBmeB88HVntGdcGFWMFEHYeTMhNNpqtV,25953
5GWrRWhVayF3ExczfkazNKFUFoD13QRsn2HBGUXu5M99qeJE,469
5Hdk8BegWyPt73Lo4Qew4aUkWL8kkYaVPEYrV43mUVsSemo9,1249
5FJBcU2Ufw8ciLy2gq5kpJQ5vDwYuqqcpUeZ1sg3br6rPxiz,1253
5HL1mEmX3Fq9wieYdsFFMja4bUn4vyLUMPfzHFmGfhs6TkUC,3565
5F4rdKvFF1mF34Czt6Feem5twEtEN1QdAme3Urq8SL6ggp6f,1343
5FhbjWAfuGtc4VnX8qW3DKn2amasCFZ5u5UfBck8xCeB7tbS,1371
5GHeZWrfoCjQgZQBAqKroU1uv6rB2PNkGFa71XG8GkqiXAZR,5562
5HVksJja92WAgqFw8tXNeSpjnYpYqRR9s1VeAPTeVREgWs16,981
5FxNxv7LSqZ8AaYeVEWRPcFeHjypaWSifc51uooFyjRSXBvH,1274
5Da9nAb1hruJNsFLTz63ZQNWdecVFKyFtfWupgictKy8qJZ2,644
5F9znMfiqC4fNeoompq5MFH3awc78hoo2ptkitCTH3vUUPBK,4431
5E5FVfu1Pvxvr1zSEkbkrXdJwMvYZ62PZa5TkfqoZtquRm6F,4983
5FNFzQHJH7qRS4gTjSo8JN7xiLHpz1MpYLXC9R7bS3KHF9Mz,499
5DPBjvHGikWTWbQwQ48HTysdnUZ2QqLaPKL2WwiPo6kNRQhG,4152
5HNkXvqJ9b9Fa7LJkuPi7Sigqana9izvz8zPaBkVQBi12U5n,7502
5HmGjEo6YTchPA7uJcXUfha7TGo8cgNC2C8KQ1BgY1Q13DHe,1422
5CUSJ3aH7xbZZebEAdhLv79eEeQZqGGqzLFPXzD7xQodBsaF,4323
5CS3kUDRAPhK5AucqVTNrHpHPpFCRZjh7wHeRu9kkxYwviuG,603
5H3iHbQ5VYLwVHu3z4Ui3yp3tGuzmxkGxWyL2T8aA8prPabB,1412
5HZ7b9B7eN1cFuGBGfByZKy7pdVdJcqSra3Lz9u5XUY25A7S,5030
5CV1MwfqBZztpjJTWUh97JwywhRZKREZ52xxuMgEjUnFWhnn,9734
5GUBg3RbNFbHPTNAttAgShUhxACYJ7H5PnewWDytTeJTXSEz,2354
5FFCbGUUzdatNxvb8WByttjuv2btpaqrtmRVYH5ZMyAEQVYs,436
5CSPQYyWAGPdwEGueatPoEQmBSBtkJao4uRLXww1Ute7sFvJ,2440
5EkBakQ9nVuN1um7znJHDQa53WPpRsrLHXwKaZJ2UMBC6hs6,654
5FCK8w3b8JiEbi2G1xiET31jdefyTeA3soVqcNrDQxNWRegy,4684
5D774ji64F7EDA4WqmMFEHpGiNpoXT2YwmZW1vnsMjT6CGMG,2288
5F727SuRrgtDZkoanV6aHc5ehEJgM3aG1y1LpS8jYQgjUGZx,1617
5GpJ3nQ7bRP2SGyFntojQKRn8SYcZudccaz63QBXb9E3Crv8,10861
5FemtbuDzsTQeKWD6zeMPacfsciTYZL5djo6CwNK6MLaD543,472
5Fhig384hvJbLob3uFtZeCvtrAcKDsuzPeBmsfc7uhKjbeVR,1828
5G3ec428Cr1oyMYzopUNvn1V2hgxe7hSnTwYTYjpn5Qirbt4,2866
5FHx9tiyBprpnXpLEMTMv9MFZtHug7zcuVGqyJGANJ2px2nj,579
5GWgfV6b1LpveHygALu8SRkm8jaQrnPd3wQpU2v6T5uABZ1j,2927
5CZn48NqFUB9MxToqzMrUvcsAfp6thif5m3aNQknrjwY9h2i,4163
5HmdHszVo2AKjHMRYCZUx4fiH3MUgm8LZ8518zrBhYH6QCkV,432
5DcXTk2WLmFcgSVuhJqgCmFygSNK39Tu9PjFb7kfre15RSsX,21550
5FYw5UjZtwe9yXqvtjdc8RM3mUuC4ewTUhF4ueovn78HW1qB,570
5E4xKpafpMHasWfMpTXoXmujHHiCco2EQbRmUwr8QFZ6bcjM,692
5GN7oxzE31R5FxKJVoN8d7bC1Wq9tGxJknfS4F8NWLnxJwA9,1898
5H6jrQfLNfzzA6PkHSysh7HXQgcrRNb9fzhb6uKWioU9zxeN,4387
5HEtecNmXXbrgcuiXjKKjf59X44aAw9W1bhAE2Ymkz46AbL4,2188
5F43SFhk5wGh9PEeLHLs2cPtBpreXYtPH8r5GNugVg2Zxj2m,1801
5DcFWpzGk99mHpqjyPJedvEWixvVLNJFjEsTg8BxmESrkHzV,20759
5HNNcuagWYdexnpp4o7XNkqz5eQLbgoLasr1PJWytHqePP43,3027
5CwVQXDhyfUAWh5u3sBeZVpFxm4wG63RhosHvsxB3trxfKk7,109578
5DvjWCgWBXmtEDNFcHh85SBMATk66irhWYkZJAGBZUvFunFo,2685
5GBngyG8dFhsYmwyqPCytTcEqH93tmHGJA27jgKRoULAbqGs,482
5FyHHQ9Fog5nKWeEta6HiGrNY6rdJ1Kt1yBEiiK42rug915D,484
5ECcNoqqGpRyePq614rqmtJRX4EEVKstU9EWew61B5kbQAc8,6694
5DRPcd3kZ6tuALgKxf5cVP3KcuAKcoFinu4aCxRG9S4cj1Sc,1631
5EXErHGyWucRg1LCB5xmYksoVmnxaPcHX3kYqkQwipK3ZFDQ,1578
5FnY9javasWGXcCmg9XkkXkkd53CVHip9vHNwm3ZkhSTobVm,440
5EyVUYkpUjVbJPYurGin76nAcyfG6MiEoEPMemyd8orChzMU,12903
5D1yq7m2U2ghc83MBjReuyMNyzWVMYAXfTZv9ubQ4gbiTCYT,478
5GZQN3QnqpLA1Anbs62kmt8HpndEMGJmZMFhmhBPunDrZJP4,9908
5GjZxzaSScYkKLzVDJnsdyPz2KrY1zBgYduCq5bkUrqKEg23,8304
5FLQu1RKdMjjNC5U7S5XxqN7msSA5XDnWSzWy4i4i7gECp6B,2462
5FHM91D7cy5ZPRbckaWX8HgRP8A5BxUYQNWbUv2gJD2xzXBd,419
5G7Ck8V3groexxVdxN2TUVdStAEKPKJrrTimJjGgoqoi7UX3,418
5DcFH2dt9bvt2PawvoZAmpMY6zcMXKz2nbm9FzY7kgYTdWQV,33695
5CCqLThcanJSRCWqxkWpAdyPev8jLej4bKNPjkSHU3UQmgv5,4923
5GaxcUJoz7a2wgrZ2ChvtwDjH8c2LNVcsGgZzFi2EK4yGQeJ,5398
5HmqE4LqXPzGgtvBEDVo7DkTN1S34yNmZjagaqz1AToQ2TZV,457
5DPpyph4EZ9wcWB1pscZW6xrfLKPsqnBLvWbSRndBBtUda5W,2159
5CRpXeA6RcAWPXENkaejRGeRpdjd5inARpKkfqcW5MjEFSMV,860
5EEdssxLhwTSxkSTQ7UPCW7h8kVJGMdexu8AGdm5wpAFzpNE,422
5E9x2sLNGLdMnzCNYB9cqdg2XycvS7pN3w3id6ydns3Lh2Bt,44466
5HbY3uHLRV6AjvvCyKZauET94GBzh81rUDXDGvMuB4gMVagr,1784
5ETtmFy7iVtCQRZ7P25JQJ6Aj8VhaTWivEKvfrGST6dPdbgb,41983
5D5GqymKyc1NjByL9ChdSbL5tpgAUw1V51DRw7GiEv6GKq6G,5389
5FsGsrQ7dd6AguC5VPcHxVdTKM3kKoS827QLYse1gkkDC52m,831
5HbmawLYGnDYqNMg8bWNnfCC6wrCAZnDspMbS4boyhsWmDwV,416
5FgWPSiMtfuCvU4ah47ZCY9fPE5M9TLHcSMGVmNuW2XwKG9A,1391
5HSo1GQAhnnH4u2XPEjyUXjFixiaCphYzQD2wzgaGQZ1vTqL,52136
5DAenwfJbN1AnEVHuUdcV7JYzrRmQpSTbQSiZ6bNTfi1GSvN,8145
5EEs3wLtSW6E1FkWGQgpSANFfytgtQuFpUhG3srKoripuR2j,34718
5DZqQTeg6LEvvJnYq53jqBNGAQpT8iaJEZRaNW7aAiwBn8LB,46263
5Fq7Uek8FMAF5fUroxFfiuZcpLGBFg5U1x4wjGhidKPL9LHj,38900
5DqsJX8UqRcvEenYhDwNkXXSVQ2MdVmDekKuba4zZehGuixe,26064
5CkPyZwDPTwnd5yU8cM6Fp4usvS8ZBkgTzz5hSKf7BshJ4Bv,32954
5F77HNVWcwKrixXjLwAiwCPCfWGccjgYQjtLwwmYQjyFcFah,5249
5HiogEg7MPjYjh7sNLbjtBmLg7tVo9ZwJJsxWB3gqjTegvCt,185579
5ECnXZUcPMF6eY5hmXL8rayMj3FzNhYqanQxL5R1mV9hfmP5,3258
5GKW8iD4ZtuEP5LH7G5cUAnSDVhtyi45UVxhWzoEQMJraUAG,9785
5HnB5MbbAcbVvGQqvoHVDa5r9L1tyCChSGjKQ1awNojRGxb8,3370
5DfJUiZtxKQqemMFykGwKBxoioKR2NnacQgrB2JVkd2Mg9U4,46263
5E4p4e6yoYCc4dnDztcuVo6uHT7zZMpXm19QojB8dBaw5ZPq,13277
5G1xEGNcUFdYzyyh41hGxMuG81BH5XRKwHQ6EDp7BsDQ81a3,6067
5FhT9o1jEtKHBnvxbm8YCqbaVdj6bDudnvsLEezCWQhL7c59,482343
5F4thUDPTj6LFnuNj2HHERThKyrvxe5KK9zuRYi5drMeQJWd,287325
5H6gvazhbaDuzHPWsnmXRy58rafY4dGJFCvNbnx3fTbV49z4,130445
5CmBh2RCWtxQP9mRGipQBAFCcqMa6KLnaqv7eXcNx6TPLRX4,4664
5CiGTW1YB5z7mwL2a3F7Pp8LorQNJKgSUVHz5Qm9rNB4JMhL,170832
5DyGjdbNn4VD99NKzh7RnHxoq4WswBiXvnzsFhXi8D6CCcUt,18468
5GGzU5KfT1rMu67451RdVsyiscxSu8tqqe2RnkRGLmq7GVjQ,62736
5FhJui93qjA61NTjvbEyh6y9v8AEEpxmPXf3hQzSdgH2vEHw,17525
5Et3HBRiCPJxeM2E15tgcL2Kdm17GqvU9aQZZ7PzpNdF3Bpk,127577
5Fq5pjg6KHbAziAXAw1JEUs1ETPh4mqwd5Yw4rJnPmgAsZtL,21285
5Gn4Xy1Yds1BJCDhwvCP6rQHDaFebWKm6EuQpqmtBiz9FaWz,186991
5Ct77HAQMk1WPUcEg7k3d7WjgGYPqaMPTdGiZSsgkJtVn8yn,21204
5ER9BRRKemRen7u2rXjXn2CggGZrxGSXbEGvBhxB4mpCustk,18240
5EJ2MfzL8JwzZrmoddJ7y6Cj1MtbCH4sCyw5QGjXykwKVffy,4084
5C9xcKMWeJRo6EUv5tyCuBU8R52wc2jtjHMX5V7F5AV6d3jj,80949
5FpZxbj7EPgZYatSQifjx5BRPYHKc8HWAFo7yu8WVcht3F6N,77926
5Cz6NsxakCQPybrXyj4AGpgZ9VK7xztzU33HjGTh54RRLkqo,38324
5H9UqUHuUzNFTQAue7yKdGNw1KXquPusntgT266XD4m7n961,23961
5EnA9dPSSdJAr8AvuarfH3UF5VFmMRMfW4YBBGf4AJs7ETz3,162057
5Dk5g7dYxY9wskW4vLjUhDv9M31qEFDN3AFPqJmXC5SmLDDr,8498
5ELetVzA4KFmbA6R7Z5iqsCbx7bv9WjwipkCdfBDVXD17pGm,24626
5GZLnHq9QvrKG4qbeGQhuMnbLk48ViShWo7exFrgHFSaFHEn,1788
5FbxCYDe4vVXVaL6xLqtTKpargSAeZT4GAPb3U9cxGEbZ383,23237
5FcRnGDPGgA93HEFYcQVHRj92NxVJFwYmDgBaiopVe1b1oE4,4060
5Dw8bbgb9UuUbcTXQfzjaJtpzeDaQdmdRwbtwpeP4czmBtkr,5612
5ENwXHVxGXisNc7edFh6osodnSKHLDq7RonLZUBy1LemD7B9,36673
5HT62fL5kbeDPppRyZQjSnzZM345cyR6wgn335xYno6tQ9jj,12804
5FUBbsNB5u2a5m7pBy4fTXFLEcPwhofxFNVL9KYf9gVJLhwc,8646
5D9sRVUmkkEYATXewUzcJYgoJDSdb85MKyqARKGeHjhQrG6K,7875
5DyciFyDdp6SrDkj4cA8oteFDoLztLjyzdskXPg2m62dRH4e,1788
5CDGRyCm6j4XUwTeKYVChYAv28zw2ywM7e9qyasMSnBS669P,11362
5DWej4PoNqyYdhKpqJP2xeyiqWMGWseVhMWqCFuUPtH5wm48,64621
5EWeCsYeKHxjV2gm5LS6o6zVtrVaE9naJX9TL7WBsxVNzJG4,125122
5FLNkcYLkCbFgQBrmucwPhNte7LB7vMW5RDzRp9hBXwbThL5,21273
5DHX8dDuxM36S13Tf9DQSE4vUphjjFNbKeDpVd6ZnS5Pz47X,170989
5GmjCSgnboMFhqFatoesekqzmF83ysZjzkrNE8StT4EHPr2J,555
5DfMKU6jwHQpUWVQCrF58Fvxq6ENjdmeKUJ8H2d5fSmuFSDY,1124
5HVhJpp4KHR5Ds53383LhHG6GNE8gpqbgpf4TJpDqMXon2Bf,2385
5EbhWhaPzYDvLvLw5z7qrAzEE2MjKeZ3phMNh1D6qDJw4LrU,1592
5HDzRCR63Vj29oHNNR1m2JK8rezS7TLFNQsaADbzwhKFcPbP,5426
5ChxgcHQYzM5kiDhqmAo4UhLxVD7PmKGA3pWQZ9TbuqQNt7F,724
5DRnZUi8GdXhw5XGJv9EyPdrpGAysmPYhaznAv2GaYxaF1pY,659
5GUK5LiRvN2y5TFahEEFuGLbiaA5DvHE5sMtSqCixEpssgAQ,7468
5E6o4WeH3sfQ5xzobqbDKxmtcSTAMqutiW2shCgdLvc385Vz,5478
5Ebq2m8BRAFE3zBU72JQBhoiNV6cGoYJxrJZEX9bkZvdEf9X,1771
5EsmBCAgnCwPFgpFxdyyvv4W622qZ6w66xoFELkfSkePp56G,1517
5EPXs9vPAKKxicYNmKDptCtmXxZVQTHezwL59BU4Zx2fMWM7,949
5EoFFqmxGDFW8S68Bo4Mdidaig5iRuMSnpLGNQUibdb3FpaU,738
5HbqvJSGkDakr7aC4vwA6Uh1crWWxCV3RDmDMLR6bFHEcd79,4014
5FA4Cj4xMVvvVCEZ9kvwgvXmKcmK3xJQaX9ZSEhefggQZsat,5004
5ChmFpiXmCV6KpY4G4m4UCKfB1MvA4eUsRw4PpYcW57xqjRH,702
5DLdeGo7mhbv1GiKXCoP2tuS4xLZjGXZThP9vvXdTtCfLTpG,2326
5HgCo75FtfNUAdFnu8dWooXSuun7ocBfLasByCgSpMFbGNsN,20589
5CzSKoDdx8CjB2BNVpgufuMgjGFhYfupRMHA6xVu5KoyM2q4,849
5Ca6rugTQiddFpxquLmtm2u3PfWxHXkLszN8zUm9ujtH9akn,362
5Gb18SjtL3zkje6GwUcDtRPrv1HJ82JbmuXwC1ARHtXq6tMa,950
5Gq8DCU95zB8bYMKdEj32B2MaGeiQj1W3uKii2tkSZ8YZWZH,697
5GswCpdKv1Pe1EHq6CW3nC9HksGYphBgTxgGHS4boqPBt5DK,999
5C5a6Z9Rcs4ZHQwfaoEK4EH4xtTtyXmPo788rabcjQMt95Uz,1817
5GbBXKJp8GrELXSCE1hTxrW5ZFFVMynWx6xQsGX7TBR6pqVK,912
5GxLKqj6kyXHHaV5x3resk1cU6gXj276Cx9U28HtYdsaQxig,2865
5GjY1BZRPq1B1R937mqunGt6bKn9e1RWu9UZ9puyiJCaeBhp,362
5HBA6YMjQiy1YpBD297JWDmGNnVDMSJFNsqz4mApy9Txqrrc,431
5GggMkGDTvVXZ3niqNzmh4c9xPywnpKRjj5uc9zYVqYkz71c,726
5G91x7ojpDyHKxpKpTX9xLCDC9PF6V3M3HFhdNVSdq3FGFnY,463
5EHtaUvE3QADjmn1sQfseHANmDjfZkzzLZkme6V4Ba4Rq5XL,659
5HQM8VfFuqmrBS5ZsxTxXz6F9xf5efj6QQawuLJP3PgJjcXj,1201
5GTZY1BNiTXykKLbiJkQSuZc3bGSjty2EqwUf1WwAhYFcDwD,1927
5FkRX3rGCNnbhzeU4tBqptrwxcWLi9GD6rguLX3ycaFR4XKF,20696
5CVF6Zkgc1BWbEqE5SALT6jyuk9ku4HbgfVSYLE3BCbwpZhm,4261
5HToi16BiSBB4zAFUNCLp5Qgu6VBQupCHZt4GMUowfouwHsM,4341
5FscvV2vpBovVAqYfVPdfG78hFsRzViWfQKYXWVeWcX9qAf6,897
5CDsSR2uxdb6h2DZwjMcrBoYtWGuQnhV3Lznoy33P2G9qus4,2476
5CrLJcap8aTpHrnaSvLq83QDCpSNh5yWmvqW13yqGDbrMs8T,564
5EngtmyvYCWWbWMFxCETrr5Pd79K1aEt2Psz43T8nu5Qmxdx,362
5GTbzKs1zDj5xNMaVyKSxNVWKaz6RqhJeoecDLVZTRpkbzEz,3617
5FCaN8LmF8qimxjt2SQHX7NayGdvrNAv3hJW8Sj4TLxabEhB,1973
5FsWBpRfRPAQNxywKthwzxUGEJYUTthfC8fKieRzatt87krE,1151
5EbpvJ3CbNX8fmJu9UQ8qvB2yomaHsLrs1qPTi7JMM1m8CGB,1890
5FxgYvi4Q3aU3Xas63ksu7oMKhwokn1iesqzupnkim8Xnqrf,5097
5F47VVzDanPF9xeR7FSjCJBZDCZypkfCG7o6MsksxfL5Jn27,1158
5HLB3kjkwcfVyyGtwFYytWksTigyvS4MpRJ1rH79LxBzztPL,1782
5Eq96fJahT7dw6N7xond3h8PePrn2q9YeDj6JTyGoBnVZFDe,364
5HCCpFmW1v3CcCrrSCGeyXTgmraiHZ23TEPS8RVh3zsB9YYR,754
5CVMcRbigUhgcCsoNd4x1jArJ2feQB3DARMGtWWhMg1gEHnF,38018
5H4F8iu8RzERhPnk8EBaJM8fuuo65tg1QaoKZKb1MXKYr94R,2174
5ECskJJsZLsS4FJwpNmUYcCXVDqfj1BUMQ5uvrnwwvjkRtMD,89338
5FEwn71Gyk4AKsRMoThttGPNVALwb763obDsJqX56dzM9RA9,29959
5CoUQNDcFBeuEn5xGyeMWnSLtgXgLNhdX96bCvRrjrHaeXDb,1585
5F21J7mxgCRV3YHoPraAjdnyaQGoJMVDfcmxcJDxjF58Mzk9,117016
5Dr9DWxnc8ACiuigECETGC2GxGWgQX9XKyg9NiLW2Fyrxxoy,585
5EnpJb4yF98PjfsNzJdGQUiy1tWBh4cASzkreXjTbe4x5f2w,2374
5CXAhA8MK5BcUwkcpAmHbSK3E3gv7RJShKE5tWHdBqMJ6KZo,4901
5HSnjtTETEc4kTwLemxdLZKUoqcLt3zLKME9NaXMuNkTWPHT,644
5EJSiPkhrBWCwLwUMF4yzUU6M7j6NRkHR9WXhpqV2qQAAKF7,16042
5C5ChrEAcFBFP3vBdUcZBNLzBVVZqryJrrn26SxrXxTFJzv8,1446
5DSKkWiQQY4gGGF1oWFPAPTgKkjpBPGmKJcKHG94i5sLs16k,9960
5CPL8kQ9QXoL83RQu618LNGHmcQ37EBqrAbCS1CaCNJdWKLD,384
5CtouFrn1n9Rsi8u1aeHXMevY7QV6HjhRapwi2o6xkri24Lv,3057
5DPN8trFjvctvbmUvUsHaWeTGFqa5eMwJ12hzXjsbNKTU3uB,373
5DFmCuS761qehDr979cd2pcWXJvHYxsLaoMbgr1UNn1H1GoQ,2456
5FjJM3ZPGagYWBy5bKe5rZhRRbMzfof2y744CZ1quAN2qXjj,1148
5CyUvQVkV3i7KBuBrFwAwGVnV61wcR7CtGT2A5h4PW7x5bEA,489
5CZeshr9fKZ8DN8o8fieLPqzB5svnKBnaZv7HfDpbsWRpeqK,1210
5HDgoCjSQm1hPZeN7uZVX1VJ5txsiJbZVTLkWf1VK83rs23j,491
5FvceyswbsFo74pvmFyhPueShdRWr8sD6rzTWCB4vHeFvYwj,5788
5GpB7JswVWketPnikhELT8LhEqQvJsqVmWZUKbAEnhY8Noww,885
5Fs4y4ZDrT3jjq1qSbi1bbb1hmWVFSKSpKuBKog4eZDFWAHc,18045
5FHxVe9RMbeCnSJcTjiqz9QUct4Ps6GW5ezjVjkxAGw1PPtc,3724
5D4SransULSdrFC6y2WvRppUzBkvWRVFBBJ7Xw3TBw45rBxT,25279
5FuesfxgwwQNEdom9s6Hd6eNDDT1zMgwost73c3UBvqRSq68,5610
5DLiPf3xq8257jZ5NNyrbtfPfswqR4K2TqANMnaBLcie5bdf,1880
5FBpjHsBMvFkXikmc8ELsUAXxfCmWk6qqtdjtgnS2nVc8Hef,3406
5Gsoxi449bxGNVaPXSPQRv2CK4JUs6NN1bzaT2HdapfMXiQc,1747
5DRrFShJ5EzVqazCo3qJ8MxRwQJ2sqGoW4ooXuihnfuayV3a,8391
5FYraipePUvPNL3BsDJHYe8UDn2CR6NbG3gzwkdWNs5WpVYN,1689
5FhT96f5siyrh21YQUXAofTetiwwuugm1osEcDYJz4wAZzjv,1405
5HK5rDXAyPvTbtFaQfXCGi3sSWbNfcJyhL9FVaVMfG8xneGb,2360
5Cm2Z1qmCPvAcHmqQqq1XuXRzL9SdaE8i5SqdoG9j7XepNmT,1587
5DD4N4HvtagsTbj9dJvdTaWQQsn1XQ7QXrM8YTyweAxsGYBj,470
5GU6btExgDvz9DtPXFhwPNPwpFzoJZ7XzHuzw6etuDGnShxv,1971
5GZPjfwhDeE4EkeMSyAGQ5LSZnPRqhEvHhtoUqYb8GPeSPcD,738
5GscyQow3h1FfyfexdYVmgP35Chq7APsosZMK8R3KMYFb4t8,379
5CLtnLTFpq9ney4syFXf12yf2W7r6T8tBPyBhJZtsELm6UAw,425
5FLCVynGftwPQsnHbqCZka95z19DVf1ZEtAwFCtx82xvEyYA,8862
5E2M2uvVSV4xyrB9vc6b3ja6qJMmRvkZoTMj2tmKS2scr4vg,499
5EnZFyTgRgLSNvMV4Tq8fthNnyYJkFceGqYd22JBmJMG8cpJ,1031
5EyWCnfwoeEd61UzS5eCSkEMev7XXBmCTo1bTvsfomGNGSbA,6117
5GyBhPmbYwg1dhkGukk3f3X2hjqKc7kRxMJg5sQJ9NsNV18Y,433
5Gb5BjkaXiUjNS8r7Qe5zHwh4UsCh3c8DYQLPvhC6U1fqgGx,1162
5HmjpADZMMGecBzEQaKimCksDRn3CgBF7HyhrgCNXN3ExtBm,779
5F7SWBiiQ1eDdXfxkQhRHVXJEPXSL99SyJCQHA56L431EE5e,928
5Cz5dDKww8K3zkLH3D3FC5zZ81RGPPKt4dTgF92uab5Jve2i,1268
5HB4z9KcEpvmEgB1FyGL577cAe7RtdU5GMqnpXZh6fv4bJYq,4419
5FXExtyuiSbE2hEJLqmWBsghoGBMYrvDXcrtptNaAoUVoA8Z,5744
5FusQTeS9FYUZokwoAX5Z98CRjJgEF29VirARorkdhT2wHcy,3579
5D4qbUjWxLDCNW7DWoiHnQkmM5tpkgynpUmJLngPHUE1uGtj,862
5H3bDQ3pnrWpbAn9g6zUEG4rhqs8ML863cbtyH5WBt1zXam9,1556
5FsHKEZCFQS44K8TQBFmCMuYgN3zyf8Bvsy4idvEihdjhhwE,2039
5DUGWU1f5z3nWE5Viz2xTiN5REBpN6NutXhcemB5MwHrEErQ,941
5CPBkri4aJxjPoDnkApNMsQSfLX7mbR18pYAocw6KDeLhwCc,1081
5FBh6KF4eRc7qAMERxskq28bSTK7Wf372jBiysM32VaLbYdi,543
5DP4CvCQm9Q6MpCVcBxF5kYqD4EioK8oyK5oTF4FWuSW9AnR,1809
5EFLDjYvN2343pLvQe58jp6Hi1aXUypU8uVRg11cMQdpxai1,2303
5GZ18if3LMU5Gc5DoBADeeqdPR4SEvB4tgqwKDQzMKBquFZu,822
5He6fQs8HR5KRA6rhynS5DQFhBWAuWGNcdfoSx1mYj3wJWLG,988
5C54FcZ9NYN3yRnZb89Dx5UiWgJ6k8bAyWaP7etfiVSP1T6K,3616
5Fxc2L6QZBpawTSiFzQnHbcc3xoMBWwvzH3VKtroYyRSP7oV,1452
5DFeBJtwKKiAgQq4EFG1wkVpH9xf3xouovvhiWtL5EP51YYe,2516
5DFcm6nV9DTDm1JpxDLDa5ofbRdKTK91xsBaBmUW9fYCtkD1,6258
5D2q4YJqyV5yv28D2PgdLoWVDLng19sKTE3pkyjxgYcgoMk4,1971
5FCFsiQeuabmGVayzxX35f1H9nFQLxHNLk2Rr16NqHWJU9Jy,827
5Gwy1WuDQzWHCKV4MHGDwbB6R2foowu8XxexfUNkvXA4tdvh,385
5HnR5UjZvaVuCuzeXvdB6CjRytHQwqnjQadudLMo8LswoBqP,640
5E1n4gd5442MNCg6TZcNFf82jPW2s489U3ZXjNXHpAGmH3yK,431
5HL2xAAeHigvB4s4yk1MwbjDQ75mC9FB34xpRUaPH5JJUWqh,2642
5H6c3wxTM8ojUPFJfKsNNJWb44Lc4Bt9qRKNNvkHZZegWNUb,1137
5ED3ab5Lf1EeXrCsJsYcFCGe6xNX6Kumsmr6mWVSqxdZFwGi,449
5CA51CGS5n2kMQYiNuapTHswFW9GCNjDnX5hoLrFFxocxZ5p,107911
5H8wxnpRXmNCUUvVsL3AL5oxM3zBuRFrT7kceJvSYxRUFXaN,14427
5Gx79PYfUjnp4aH9ju8dEA7TGvyG2ABAkEwugrcM9k7T1ep7,10067
5EefBfoQywjGMq9Hn6Vg8nNN31wa9EEfVcq91XCeEyWGLLCe,18688
5HMhcuqELTsdbhUszV3NYhngtrcVgnhyziJuqFUThz49MF4V,11328
5GHeFmFJ5BJ9ikHbEWxrgVmd6o7rRGTo9oQUKheomw9tQGUN,3980
5D4Rj3PZubLyYnshzaXsFiSECoxXbFpMGrMivKL4miFfzYeG,3115
5DheMKBoREPEXGPm29b64chEYUKkL3Zac37cq24p5zQcG95N,18523
5FjUZTs8Z898hbABxn2w6mnXKGACrkEBwaCjizhBVGgdERWT,16110
5EbgpTCLTwaZ1QqxFSnE3oLUiL8kKyeBnsyDFMt9fV4LVshd,22728
5EkZHedKLbEbqSrWF4fXEGCii9XNRLxhEnYMsSqR4vPvNmvr,20483
5EFBCnbbFh9J4uGrB11zKpdFXwzSAFfu4eKWpRd3rWYj2KNV,23000
5GbrU7yCszAoVtz8DPtiZaFX8KgH3kk43xRpPQa3wXHAi5aD,5287
5DkR3fG8H3Ag853vdbZBWkfwMUHpswf3KniZqsUhCvvnsQEk,15699
5Ctsw5LohxhRVRrr4u6ubNWhA9VekfGiR31DG9haUR2kxbiD,4331
5CcsJUGK2RcjGcjftTwJaPFhN5u7rct8DLvMFWwsRUCK4UrZ,33866
5D84YVE9yHAH8rD85YncBDJBKtKBnLd3xSZXyUAfvhuwrtUG,6684
5HbV2n1YjbVChCatQKwY6NgDo1h89H1xk1TMahjY7qWKHytJ,4189
5CcZ5zn662WKezZxAMmD7yRcB3i7AJiWfGnD88LXxsy7UCUn,14942
5GeEFepDVNbbHkHvANCpZcmC2cMiKKrZWQA1WUCsBSk3QstT,3319
5FnMySHU5FE8HbPx6uuVKmzJPvnAVF61Bei41RK74dYU44Y2,407561
5DRq9YF1izK4a64yYSJocNCWrBPP1TCkRrmdY1beCkrRyKUL,124699
5GNB3yCw4noa9KWN15KboHDHiKkgzrJL8pkNuKN6wH6H3JHf,40476
5CmCtE9SaJcei254FpBoQxguoAHFC4J9sL7ocg7joK9W81aa,19658
5FNUqAHHKmqdttyJ6RmRjKS71n7CnTTnnHfv1BDHTaXNn5Yu,10537
5Ehfjq4asKkMM52N5ZS1GxzLVrhRRzkx4BmwtVDg5e2RpPWi,14167
5Cw4WrnAVy7U185dnwMwxMYeRbiiZz3kLyovZhZoB7ULyPJL,55877
5Evb1UcNY9ECKtU1EFcyDyqnwKmuPfdPywWxoXYo5rodwH6M,49432
5EUzL5Ncx1V9XuZJmZxviTswbgXeiJHdzjTwUndXCHpeN2aG,39311
5F1M8vnm1YMo4nEwnFzfoZbUKaNathFVMLaPrRNAWWthtnQx,9715
5Dd1cjQVHH2JCVHKnHe4WMxzQGdgQBdVhDk8voyqUreBhM9P,121886
5DcnTH6ueaDUvvaqUK9Lym2URncUhduNDzzSZKskZgXTRNxG,16150
5D8Khcr58kLceAhZWESxvT1CefszkFrHjHNiwz1U7Cbf7Y1D,10207
5Hh3ggCVQrS3ZFv87nKxYEAAEBEQ5j4118SnM73iDaJBxLfR,7863
5H3Qm4b9BxzwjLDoD976XxgZKNvUGt3GNobPEz2aAtroXtWi,45101
5GEtjpujbteyQN7bcgSu4hc2A4jD9HrpZ9kvutXfMwy3RNNv,162011
5H6DAN4oHF51w7ysmqaSx4uZqF8j5d4KBSiyc4WNueAvsG5W,46216
5H6nWz3EHXetnNPYZ48e2pEsZG4Q3vMp9CLAt9PHiCtDP3yr,7136
5E72Q88RkukhknQzXWx9QGFFN5FF6gJCWnpVyup4n9vBWukS,61929
5DccbbpsLZLTgkiUfUAiRLqtr7hUtc62vcdwkpQxTpdsB1mj,462157
5CqhKtKNsVmHiVNF8KUnLLsz1vxVc684iSEsgN6Dbq63Hxwb,33642
5DD3mySQn4TLS87WNYfEepsNMkKfKc9GNC3DxBF8hG4Nqxzv,70361
5DyXdmV2HcD6DAyzf88pHS5zWxx3zJEmU9GzFSUxfTGYksaC,10630
5CaU5NKZ35USKPaAg4b9isxK6df24LbwyyjodFCZwjszWa8c,14790
5FqYb4ByLDMGAiHXJkNFehhVKLSbKMkLDrATtWTqgUsKCLg2,9244
5EAUdirtPpmzy1eopgQBTtcP5QstmcuVcQUzHKoTDBhRRp7Z,185044
5F7dU2Tv4zXst53dfQSWjfum7CXLBD9gq5SJGE73ZVXLhGv9,1849
5ECZVbmwnu9Lap6cr9XKvM12EV87pCVZua1zEUPr8hY73WnT,1132
5EZEP798orJkUMmG88cxSy4PrzgzAbyLqUFmG8NbM2hZzKLj,943
5FyBomoRYx2DYWaVkrVSGXkNpfEhVKF5GFm1h8GWgP3PeqW4,3447
5FWA1WVzgT7mmgHJnjurCUWJy3PgyYKQv1P4AMHssuuMQXFU,755
5HnN5xmXCC2PQ5V4PoiSPfs3BEE9jwzi5Yq1SvCBX7wU4uYP,1886
5EZBcU6MEL7ordnNPBTzgc5PCFgEiZoSnyc6C6f68z8ePmDu,855
5D4dyMZS2vW54EpeJApidV3f9SoajD93yK44GoFeGwGTGGCV,378
5CHy3Y51iHVwiCtBrHuH5KCgE1wzou6Y7A48qv1vW33HdouB,378
5Ebgopi9hT1YQ1yvYtJGnkaj8MLkSfG9s9XdwkHeqWzoicGn,4969
5GsRCXBq8ozyzYU5JZNpbs7gadoK63HdnQVQJXPriymCwZZK,2922
5DoJDwSrKp3go5xsAQQaT6bKekfXoMjwYqRKbpA2iM5n9hgD,461
5FjZbCUSZrn1hSAYDq8nsEpNaAxYPJvugqRAr8A9ydsbm57h,878
5ENrEAamqFFrbxZZ3JqnWfxFr4RUnUw37iV3CDVN75sLtWnK,1886
5DPnX42pdVVo4JH3KKtznHA5LH4sZa9jZsgNH3kkfHWENGZp,34709
5DkuAkpzqaetWXzNy1CohNS7ePPFoqqwGpNA1j1W7ecY5KvT,1943
5ESLZWERhKv1MsYTZBCWg1H5nLkW4WsirxcdfTXeMB5aTSyT,933
5EtLCqV3LbiEib9Em8q4ceL94mLtwG1stLMcyuCJZ6GEZ3KF,53062
5EFkdeSdus5sR9gkzf3y6R4xh6Ty1rHy6XdM5Q4fMzhQLKkJ,905
5C9zdMX8Tofsy1qLognUYuD2DaxhKxyGVH9gpKvFctiyGD2t,1132
5GWHv64uLZX8jbkDPs8cXWdGFvaH23jxzPZ8PgCLyhnuuo8p,472
5HbZR83ABNkmRaPzPCwLPcJ8Pc81TxaqhuxkPLzhUvoZA7dZ,3205
5E5BwnYe7XCZGdHm4ZBAqUPUhpxCVeowsYMkieWLGbsa6M4b,1512
5Df2NmBQLsZMQHGa81hAabhqn41bEMBBojqhAh8w6VnFdtk1,2126
5C7tTSUiP8HP5f4kSVUhH8BB17rKWWx5zE3b8qEoUy4akoQm,755
5D1qomycWA13goKQFkHru9QHp4ewCHPdbExx6Su8cJzpWWgk,14227
5Ebae74W31hGf9Gpg4iK1P43g7EEdJHguWq1nnip6PkHz5JN,378
5EkH2sGgib5jSu1sMibt91ghmyP29HX8cvK2ZJhhT61YGBFK,438
5GE9xXWYM7gpQVNDQJLYHSUVK8ifzZMwJiT6BQo5W6WqpWBK,98217
5GhQPuKrF5ezxiY3jU4xKsa3iwJN55CvJpGibtKHNP5TZKSQ,74272
5GEAzsoJASLZT6Vy25B6Re76QFTcmDDsf9su9bqxaq8A5WLm,56744
5GTgEt6B1Xqd4qvq1HCtTGPP8wm9BcxtnjWFyZkD5oxF4ADN,29709
5FvijhAerufpwNaeQfgi6Ek69BvsHm1CFbH5Gt8NLLVSbZKq,15168
5G6evxCka9hC8atybSLdhf8oH1sLkerCvujaBNG398x2UWT2,2971
5Gy6BHCs7MYJ15k4PvpeY2HPVEybZa7a95dsV4rQbAJ4a15z,4160
5HK2rrsvFwsz6D6gSWhbx2H8nUtwvVdbkJXosJzPMV9m3UVH,3619
5FveUZmSc6Bcidu9DCUYwS3borm92AegD7SqxRHpcjMKqY59,104805
5Dyb1qZaHyjhUZeF3WKN8hsJso72DJGPbMXC7p6oc8zKVRsf,30125
5GCeNtG5SQHQjpLMPZSZK3MPnG35EE4kAjFbcUjemSTY1rzn,15506
5Coc3gN8AwVit65isBVWp8v88Cr7czPVVzFjgmUjBbXN8qwZ,15449
5FQw7BJFM8e6G8DM6EKSBg2V96iGE5c6dAFrv2XWjEmMR94j,12883
5FNgC67NDFrumZo39XZta3j2W1VFWLZRUrzTJK2sJMrV37BE,10093
5GjDYsvScV6Bo4gwxibrxc6Xjnqkosv8V5pixz9sqJ4FLhAt,118922
5HdL3PdcE5EMa3sprvcrTfEwhgHLc6nEKub9H2hGtJZVhkST,1483
5D87RZjpfD4qpdD5vMkEMQZac2XW3hFpiWiZKGQ1AX95UisM,731
5HVmAUCmqoCszEMHKEgNWTu6YPxUUXxGPSApSuHW1hpvDrRF,36328
5EeSmbLmttnf1ZK3tktb2oWefoMM2PmKiymi1DQo7q4CF2bx,377
5GsM7hGeM2wN9kZ3K8QUuGZvpDfDutQDdtHQofQWWvC7HiN6,1648
5ENY3y7Z4NhYztc5nvkH9qQx9uJmdxMtiLjYirY8Czh4Jfb3,2808
5FKfeeqD2hGUSdzQXDv3sMMWRNAFuhmucJ4usRF3CsuhxoE5,1345
5CZzFSUmEiMieTuKKh5ibHmBZXAGUSDR1BMoKwLv4FTVfb34,364
5EWVmZTNt2Fc59bUVuRqFGRyJ698qYhye4VCvkjLkq99sDNU,582
5FKmMxt4yK5Domk5ckp4FBxteXSr4m8Y27S5RCsRdiy1mcSL,3633
5Gk7YbxaRtDvHAsy4vPnV8bYBzme5BtgJe6mXiY9Htb9Ffg9,695
5Gv6PCDhoM7JhvLx7bWRtmc7qgVhtKYxG4KZ684XX6u8e8qt,427
5ERNvPwdoUkHK3mxJFnawPqmWcm7JWYTX48v29aBJW74FLYS,5445
5CveumrwR4ArQKRHTmXcTxvJiGjqmgjudbGx95rTgwwTHb8A,14532
5G3xPAgdw88E7SCfuhJNsNhiinrAiZfjL57FyccqW6qkT4jn,819
5HHZc3sKPmBHsRzhhWoYoQydYtFYHZzBNXY5f2AY5zxyUhVA,809
5FhPx2u1XZunG1V58kJXdPkN9EqFi16ViLpqJvNoGv4EGqHt,1322
5Gc43vCy7FQcu2enZcUAAKCKDM1qVzhLyFhgg8cedqhj75Qf,494
5F1NX69cBnWLZbRDcAmvuoqeZZx43JPDtqKnsy9CWC6qKA6s,1255
5FTwjWWC7SGSJwWPxGp86XuqA8kanR49twXWrdBrWLq68gNU,1817
5Dq8yvQ5QB7PDSpa6MRi5fkn647atZmxLaGhMTQisTz9itno,9662
5CMYBbyBVHXf7wGgTm4DRwMmD6aAFyTf8ZRrXp3vBaLuKdru,2289
5EshTVqiTBCbnHoyBxKn1pzYqN3oQW7NvVCVV51TmVjeNPRA,560
5DRXbJSCcvHvjN4EB5UsBDG71YK6Kwk5ZA5feac6vNfYnLxN,597
5HDeo1DKUuvjyhZ2RzMu143K6JRJW7vFtongz8J8rBu37inm,3648
5DM3tVKSxcQDGrjSewsaj8kbhD7dx7V1Ebo7sDVx8HuyyPyi,1817
5EPA6VnDbmfFjmCfxQ394sUumLzywbZu66GmEcCVruxWnkLn,582
5GjwHCe4KS3yEiTkbu6wAJyAjitm1SbNiJVSfhTNuoRNYTNn,2263
5EUB6fUSraB8EQjebCaD9fbNbLiSdaFA68CS159B1ZXTxdFz,1178
5GsJsbJVzuYBMjBFZMr8RivJ5SbLcQ5BY8xKrRGWEw76JVkB,763
5HWGT4x7cz8HhfnPzefawRmEtVvMefXHFYYV8qMHAQaE63Dx,800
5FCWq8DZ2ob5ppUo3PwEDDzxBY88sXZd7PRfBkS38knsHaM4,4672
5FGze2BB1ajcYqc18xjnxQrUFm8K3kmj82qRYMAex5U4c3ie,837
5GxiEauBWfjdUH8aKNya8kevbH6Pb5etnAmy93engegsPpSH,1226
5EZtNC5NkW3G7uVhwgA8ceYQnvMPMqpdLdvg7go1YXT1YdwT,2216
5DU13kBBtuwe9BekmrzBvdNnUeC2YrebEVsot4UrSj1Tnyiu,19952
5DnaqfohagHChEEnCsMpXGntK6H9eb9QaMWAtUWCLPAUubSd,577
5CkLDa3gzkkCuqx8sh4yxgTw5i6rBdzWRy4aidkRHCX5WuVj,574
5HiyyAx6KeqkNhEr4K2Qz2bsvAFWVRR5AjPqepiyxe7Ptqme,1859
5GmscsoEeg1ReqDDdJ5kvmXfGbCXgerLA8zq3Fi8WsEedrhb,1364
5D2fLioAPyvph7d5TrbYP1LyXsZ8JBoy1HEygAKG97XKLUAy,909
5Eh35tbwCH6FBjy7GxbTViSRXsDGkPHugBzpX6wWMWzbttme,7786
5GuYgx3Uf3nYLdFVF68yX3n5USVKbqGX4PJ13VtVJd2wwsjV,1345
5Dy6X3kzqP6mb94NEUwjcs8AvnHbR4D8P5GuSiJFAAAZZXM2,3490
5DywvysKX8EDzXdxBVD72miVQPF32UhcCW9brvq1JAs2oxFd,576
5GnL1FTvrUGDFLJeL8h6k2X6ggEqBa2nsN2oDa1Mxb8ya9Xg,377
5EbfCnVJB1zA96G7W8vrESKaQ3e4QLNoUaHF6Kshotwe7atH,506
5DWsppg44HJixf9vjeJ3miF2hF35zGKWu58QrizcXtoUz63w,1443
5CyJWNrFRvZGm3LceHVZY7sWAd6T4u1shg5FifgYR5Wcb8Wg,4742
5DMLtxT91HLJqwnJjgegkPdedtLarAGJMdBPsE6C5SEpud4X,603
5HR4kGkVrS9onZpGq2Na2KD6Jq8z7rXL3PamLh1RJvLeGPF9,3820
5E2mv3Nr1oJayJtCaF55D7hEf2P1b1pKjS8DBoWqyLMRTtpN,727
5EXXjob1zeRkcDbCwKGJS7a3Hftjqqb6BB8PRqKoaMZ3L6gA,4641
5G25jpT7SZTi9Erc8DPYe2YjKMjAXVnJhUfGdiK61K7eFyU2,5560
5DfTed488JjGqWLnvQ2fniZsMtGBVfoWuyC6zNG9xrm4wz5x,1184
5Hmo5Rxrxqka9icHUucWFGXJRat9HQcDCo7ndHVwwCBizFJV,375
5HE3ZFueZaEtpFv97aGAzesTBEctGcQBo57eqPVsjpMT4Jxi,5823
5HELhwa4RhQKgxSMtUwBUx6UVGJhTSskrEnRQ1FhWYSM13k2,2291
5F6xBxQYVCdZ5HL85nN2YLrZjkT5qAZEuujeVcXyorf5tHTZ,1841
5DecXmd6nB1t2kGGoecyikBsPR9g6agKP3wZ4v6yXfLfqsNj,1908
5HTbkJUUMXXV8eC9kGQDujT4Sc5ggJaPtBQDdjxZYaSbBnFY,5679
5D7BwqchZRSdok3WiBk6JEo4Pp7KyktwuA68TKJjJ1u16RxA,580
5Eq3skdkYKAEYZBAvzoyPGuAunFMBKgcErdyfjGG977df9pZ,697
5FHwehhj4hMwRGPDVrH9xmBruKAZZKxchRLby34qtSW4RMgi,411
5FFXi42VihNMnEWkpxVskEJjJkiBkKcc4iQmqWNnFEHWXWxt,8356
5FxWt5s7R5KNSjN5JadriUThxLkUfstABYH2UFap7ihaSPf9,631
5Ec2pTPo1kGuq9nmHtb1jwjFuF2xDu13Z4hE8a3oYAomsXHT,2939
5G67w1XgmmJzjxGUKWHaw22nNYygotNVp6z8QpNuj5zkZ6jT,580
5EbaNgPM5mRtcfC24wdERcgY8hHQvubtSXbXLh9NXSMBgJMp,12998
5CSUgr1GN9gACFxyb3kVmEuvo24jrXKMVQhgKuvRQkMdDrRC,1505
5DZRXXj9xCTWqGBGCVwjuPRkH5d9zpf46nz8F7GBQvW6VzBw,1070
5GTfjCcqiP3Wo3p3pGGyHRoz4GVvLeQJf2Y41hg2VxsioYPg,793
5CLSp7vq5235mNHWtF2DxzxLb9Fyz9asT25diVEgwBQAGYGR,1186
5GNV8hCcVXzsUxuAqLE98FxjV5vb8G56FdMc8KewaeKhbgYq,574
5FpNQ5NfhhRMyE1BMCy7fwPXHtd8ht6mME64AFr58y2ehesc,291153
5E55iJFtDktQKboDu2MyrqDkjW7tQHmv76DTVAmbEgkC6gij,3458
5EyWDhnoFgyptK56KCzLooMYVgcUkE9PCjWbiGjjW9dFZiAy,6467
5FsxUwuRtVLFso4zKrUAEKaY1L1K84G6E1UCT51YKD6QYez9,82469
5GnPBa3xAEsM7udGyJiGxEK3xf2LZz5oGU49xAZt5yjcXKsq,42600
5ECXuELsrsLzAF4u6G8NxBdPWdqaHh17uCodrfUpx3DcixNi,3846
5GRkLZCT8e8u9MyxKL5r78ykgUhXYXe7RZnX7T26ZSgaieSg,17286
5H9D2Vt7NWJCVVR1G46H2B2ZfNuCQA5sgfzY7W1fJ9paVD8c,1803
5HdJEYbSZhrNBm1AMypnR39n3Y445tzNM8CL4QRPasiPRv6H,418488
5GursqmYeVtSnacEKNKrhNfZVPrbmkdcKZSi9oRhogD2L2Ug,8643
5CXNSeqXp6Hnhevc7qK9qqHdNcWzM38gYfEg8iHpZHHZu4iD,151550
5D9jM84kF3m99xLhqr2RecwaYtitrjc1ngpupf7aDer8pW8p,43114
5FqbWdMyyXu9LWgBSfhTWqZnjKWyBeaQNNASnPVxe4JXc7Yn,8947
5HYrEo225w4dbyAtLE4w6bRYRdGsrgqp8tDBRPPhyMC4DLZ6,2615
5GYcCTxHHDFUQjH83eDKM3i8uhZTA7aXVhjmGMsKmdevt9qm,4026
5CSvQb5j2QsU8NzNSB1eT2VuDCkGdYUiYcgYfZpNqEdJcGPi,32842
5CDqaEE4q311KkspLwe5XD3J2bpoQKEDdzhe6agn8NCroib1,20075
5E6nWjog2QGh3XzyuJztanySxBqFEmyz8xfUG1VGZEWdLgeE,18791
5E1vYB1Ct9LFvYgGvN4x5MFucAQx5aiFHmDbeWtJUfLj5Rn4,1729
5FL6ZoDvvswwG39sC2Pygbdng9XLmjALZDRcwAgKvZHuwB15,17340
5EWg84nKiKGRRqsaKg9sgsEcpBKHDM98qj16YrLPVXRHDZQw,18066
5HYtEDfDMYQVpLMLzKjB2FtuhEQ189NXFoU2HAZA5gWCmFLw,1902
5CfPkCkwUQdRKZq5U5J5GMNXxUmCWdJCstKUNrQQBKJ5yicv,8612
5CUehEVz9d17JAcgGYkUVzwCsqjNZ2o5QNVTtzsugw9mnS5j,168128
5Ceqvj8Fhw8fVDDiDfLVDTG9gTmqh3A7SVDnSGHZRnfi4KoB,1551
5F1qAYEBzuXpPD1ZZuLcQ7hMnpJfsuwJukBY5XwXvnCRjepA,1478
5FQwf6wbBoK518QN1wN68E9r8auBHKLPFqHaummK5gK1JdVk,18809
5GNfhY69ptGxZtkZNf3nWkiLvChfQHrJNvXWuk2cARhzgkFg,53369
5DswwgEV91yPYfHvr63BwrkwSTteojPcmyrPn6xhAx8ZoK4r,3245
5DhMSKddz3Xp7taEFHbe1HdTXvguxsjnT58pVCjNRfnsYtzT,1562
5EPgC9Zn2H142RnRvGD2Vk2eXwGxut21KrLfJyYea2voQaQg,25136
5ECDtd69M1Qj9zmH9Gg4XCi8Jm5Bw6hecefhqcaojurdquH6,4278
5FR1w93fczggRP5oaUzKRBGgaid47sSAjr59jWNXkiquDY4s,2573
5FCW1fu9QANRzPG3Dgec5zS2Hqxvq7k6dRLYLWJrtkV8fK5N,2594
5EhYZsEwsMfxdN1jZWh8W3AzESYz1Ev7tXk9P7opNDtv1caf,14753
5E76MWcTjTR2X1WfxXc7p6PbJH3J71zQCPJFcnaJo3nAzi4C,1888
5CX6Vg4TJJsWHTkF86Nc8gfAGQgbiMpqHqbTQLCafqrxXED2,1433
5Fbg5KFTxUWjdN89X8DctN2S7EdnB3sbAsQEJWsk4Zg1GNi4,2001
5DLxwFCULa6Q4qACudz4xDjLLF2oxCRJe4hmWzd6WSKbuL49,5105
5GUHDNeb5NDTy7PA9utQJmkCPftwhEwsVd19ZgFBq1V4ZiJU,1555
5Gc2978YbRcQaVhHyHb9bDcCYWDp8kgNKw5ND4w1wpwqgeL3,1433
5GpXjgZJbY4WmP6KnTCgWSpuzHC7zUqyamXh5vqa7v71XSD7,71612
5GErUo4A19wTcnD6BNxVDn9AcqdWzFBwL843DSydggMEDYHq,17368
5Cvqy9UmJdVRNsLD8KuRf7Rsxwg7Ak7rqp5JojGz7eaygDRQ,6663
5FTy1jvJQtMPukzkRaaJiJRPe4Gs5GML8SUMhb6JVHhf9GaF,2937
5CRt8dCcaX2aWUqSZMuxmVe1MM8hebAV3CfhQ2HV8ivuhgw1,5013
5D2oSmenxAPVRGKwKBpnRTBqpcgjiMfCVzPj9AZdPjTt41pE,1433
5H6phdKhGLTZ88bNaqkPHKsgJJMK9N3T1MLd7FNxs3hqLtLf,1945
5DA2ARuP6phpzmGaMZKwZMmxCTatPdAXTFrje7qksquKdN25,2576
5ECcPUk6cwUmAiWrqD7mX4uLBxQz22UoteBp9SZT3FdMubnZ,3370
5GKrj7hGSTPzpJD6YFmMVoJZPcUB4U786C53sHYaMR2MMA2v,1627
5EqBu1TYuYRR5RLYdLWHMBPhGo4B4csCXMFxVAWaskipMJCZ,2418
5HDqGVaPiBL9KfmK9kmkdVoVXE4R6VLK2ULsQwRx2SGB3aRR,1719
5ConbLiQRw3DQCM4myDDJS1YFA3Lw59FBfEiR6S7nEtFge8T,1447
5HDrDxJLphseXe4rfCsf1jkyp5hTuBqPaTf5QyKJ7LLJhL79,5435
5CcivyVu9U5NEF7NWVy2MTjFpwu8EcU1G3aeiscmYpdWnLE8,1433
5FPGzWtwZ2KhdUh1xGYzCF8uQXnZDbKKDbzpcCErZp2Zt4eG,136989
5Gy9zmp4gwfR2NHrtt19P9xjA7Pcsak5hquqGFTHkdX3ypwh,16586
5Cm393U4vyDXEUx2YtnjfdiBLTN7witCF2kF7AjcSp9Mupi1,3612
5GzuNbyWeCBUGgM4BxLxYcuMqivnTT6hfyE6RjaYLvTxWAkD,14302
5HK4eNmtBZAEt7hbfoGGKCK8zVaWv8d5xe8DdT5DFSp2xL7z,2957
5CyJf1E1Lvj2EUaFRJc6kJc73rgWdTwVScvrRWQhwuJW4zGf,38306
5Chn8jdNFcTXdoDjvZdvQqJ4K4y38vbM2Fcckwk8LZ1bYb8a,9546
5EZDSSzRHUkuqBHA4xw628NA7nJfR7Nd1Bn4MTsWtqtdqMKk,7843
5Gy9pvT5xH9zMG3kkhhUSjpXo2pb8c9jPK7MvmjYycaNrpaZ,1953
5DG2VcQkg2nDujoaxeun2wBszAPcrMiyX9HvaDKdPmddjKMy,10462
5FnjYi5DP5kReMXBgs8tcRXX9sfERQVKEmYv2fHqbyKQgyDA,41589
5EkCnmNmqjmdQkCcSkxkpCwFLYA3Zt2CjcVM44pQ6evagFWa,8696
5HKyJUyK1X7Uh37YVwpNoDsWwZKxuLNurfJ4t8JSwGzvZL4j,2153
5HYGAoai48DaEewL1QmCciAhDYrQxofjtTnUqgVuaRTKj2AT,2545
5H1TftaMFsx3eJ1n9fVQRsS2LsDvYBu9Cjk6muuVtb7g516f,13953
5FdsqnPNaJkkpWX282XmvK1TNdPWNReyGaSfepijMgE7N4yS,9705
5CSrZArVK9jQ8ypML64suSvDqucrwouQMKBsapQHWVkB5pSA,2484
5H9SXjCFbdpbKg7PN26dRhNKPcbJVhKp8fsr8dHdqX1upsvb,3952
5HBanxv7yzrki2eM1rrBWKkHfqu58k6Q8btnFdtjW7JdXSMz,2697
5Fs4pL6aCQ7zDRKvibQYHebpYPh46YiwSwcMC18ccYupWv7g,3426
5CSVoqQsHBN18SMsnUSV9qZamfUUQWEdqjCfv9uk6RH7Z43X,2957
5EptFVwxKpeUtmYQYkP382K4Y6droaeCqQqUbsguhGUKUwok,14693
5HihYqL9FvFCQU38j3Q2WyCTxRwdTBtRG2miJu88S2VFbkZV,2851
5GBPDVVvRZkWCVtyswDiQUmq3Snz6YXUBWw7cydCBS3VmjfU,26619
5Hn6j2RwmWhQaCTzmdf955kd96kdMKfDVHc9Y3GNJPdG8gV9,13207
5CrPhQnYHJkyLYPjWhSswiJUiLbsH1PxAyza22cfhkPhLHS7,65907
5Ff9qVDa6mKRJvPKPzKrKnqfy2JUjJ9iHzu9NCjKSMUPnsQY,28395
5ECou1fdNXsFbrnMuKb7SwmP1JtV7RpEazPXBPGMBPfHmBQ6,38182
5FUHDmG6pCtjJRKkzULfc7WTDXw6WPfNjHL8586yWkpedpi8,5428
5CcYXY1QXT4YxrXCYmfugPBd3He5CAmniyWEfownqn9b8M2x,8123
5FZ9NyGH9gSse8w4kSFC4cF1dqugK4GtYJ9vXyKvxKcpqntx,3319
5G8sE9336F9kB4FrhpkHz6xZsVGmNcTVEq5KFf5gDt4Vmzo6,2326
5Ge6kcjs4oELcGU2AoGaWWGU6kSnbzhiVTsakAf3tdycc9D2,4739
5FeRMvYbbFCPds14Vtp5hunNevAeng9GsmzeatoRBKGnFxL3,44767
5E9PhAz5BcZD6WiGW1v29jzq1h2xBL6ecQKP7aqfJzMJrLvG,5960
5FnqSQPxCk8BZ9w2R6NhPjdL9Fz4UZ4ppdE5BxbBnGEoKssq,6300
5FNLoNYcPq2kVvNsSUvyNRtXfQ7TfCdTUgYv7TTyKsHXv2d5,2879
5EChLpacUbeBAU62fCqUbNcL1mLcuvumxP3PjjXnZMPdYh9K,305454
5Gda1hVqErU4VCJcs1jYn962UfYTEieWGjBMX1QSStXTEH3G,19091
5FR5DPp7nGfGBGnbHWzdjxZ8DaXhavi5tH7jHrDmbCqZisza,143106
5Fse4WkjU2o7Jw3scTtvSzMfvNVnYDDbu376DwrZkAwVBAEp,320
5HnHNGkXMyAfWwva6iTHaEd4FEXFZUCbCWBpd4m9fkstd5cG,1063
5DM1csaTHsYj3JfeNkfreH4LoFCZWP1BVxS5tAuKecnUxYcp,531
5GZTWTsuzaCEXnfoFPHWLDckR8t47dWe6GQaQXqK4pqq72jJ,1020
5HTsCSTcJABpCoMQeN46ydGYUtB7hywHzkYFNV4CpafKu2GR,5759
5DwQD4RbkvTxZSU645iZwnXjaGEq3YxgmmAs19GQobYnUjbQ,859
5DZu4gkHLDB87dybkmn2ikTYk85bsx8P3NpyvDQ3JMgbBi8b,1186
5Ckba8tr5RahbBo1Dus3VmbWJaHRCk2MFpTUPAEqdGf44T6z,344
5H9WtamcctJ11KR3wKiDsPMrC8wc5BoSMk5Q32igzgkc1HHy,1852
5EFHSi1yBCJKrt9kT7h91HDXENJBcLX7eYrXVDdxAtZXbXKw,654
5FnaX7WRPEuzY7TVDWWFmXpk1QZf25VMuJEXXohmDX5eR1TH,362
5GRc8iT57iAByjmVSxyGxBZFguZhpkkq1CA7tw2nH7rPRdAA,396
5FxnDqqNqWmkG5xAJaofR5ibSes6ga3MsWvQDqJuPzcCUvfY,479
5HeX7H2KpRRzTrAPa1wofbyy3bk6HYhD9D18j6DWE95uRfmR,1105
5HMxaZuyaA9LZ2r83d5EMqcexteW5da2nLsqQZLC1UzcVcZ2,570
5DaM5LxiTZcmyPdBNDHQ21TJQGHTcv9HB4nej7B7wKT9hju7,2467
5EkGt9J1cKfPUxktStrB2LKdjYz2nw1ejKY6mzkFUo1CMK5Z,828
5EvtMZnRJDuwPYnEWU6ZGuo1buoXUyDaLPSRWCEUV1EXSj1Q,83222
5DUminryb1q3ShnL5skZ29nNZp6mFCJB9kp5bcuHDNNLkkJm,14664
5HikcFawehpuQpDwtfC6bo8KznvxW2qVM6A7tStfwPxsbKgD,12150
5CffeJMS4jdPhaft7KLqzAPy7JK6HLM63FqBQGvA6nPdxVfj,36660
5FcGc1GfqDg4CVNwzsTkqy8NvSN9oN3wA5YbC9yeTc3yBEji,4146
5HQMDcjGPSwQEMNdzQhPSPstJULaQma9tJwAm3yjtzH3Canr,84096
5DhLG946bUB94k9a4takEgv9NYBs1PLzNBxtvkVbXspNpoTQ,1536
5FCKEQ2Zy4ovumjSWtmd7WLPupNsXMnBDRaeYK24oNYZM6Z8,7259
5FprjVQ2LeTPAG1dR5bsb66xhskj3qYxCfTWDYZekspUntep,9344
5FWoP56BJUYWmKbMrovqesMrHxCR7nhwYSSFuBf93cTes4kY,6251
5F2MytKuXDujE7qdQaxJGj8ymfLtYemS3SFhU7EQdTLcpMhi,7442
5HbVXV7wbP7t93usmjjy1xphYjg3zrrotbxFJRshdWnssNA6,26129
5HWWZhQ7229zgqA9sHjty24ypvq8taVErK5V6axcJMqHHkMw,186990
5CMKxHv1jPVMyU7wFCVp91K11UfA1XAKD6p7UgEiF6PcwuBL,7186
5FLaDkJ8KnYoqLSWw67GBggautaUTXjPVuoeNGrrRNruDe5M,2897
5G1wPJDtdqGDiqhqjEAtTvrUrEQR6TnBNgRjs1cZaKsuCByX,7332
5FsnvpQSS9vkyZ8zybXJPDzbC9LdcPVxvQbvtfRMEKcRdLDx,19842
5FNzYfy9z5AbxVMLA3CJVCrybUuZCGZr4sSAVaQ89tzceHKD,14664
5CG4zgYTKKB5mhXTfnJWkY7RsB4Vzv95Tz4F7wfG8nHNDTmG,22381
5CoD95NaUkp7y84aRpd3Trk3djZ4frPM52g8wpVm3Kv2USdi,22730
5HaoZLYwkVtCFajTb1bAt2zBLk5WFfCxwUdKncYPp57RXC3s,6310
5E4bqZ393LbBz8qZ7orchEdcGSjhj9edpJcyfhYEYFJBikko,28292
5EP2fsNqxUBdTT4ABhwqkKjQ1gLtrkJkuvksGMi9tohdpSfy,40064
5HNSACyoV4HAmvzyHUk1HLdHyWATVGaX4xtK9YmyDzhxreWu,1491
5CaeaU9NtnE4FukU5a7z21N87P5HdtAGNmxf2X7P7HpAvR11,6746
5DqHbAGqwG1bEVog28pw3WjckoYdefUGCcyAEFfsnSLQarq5,2775
5CmDmxFtACwF5SEnNXhkE7FTV1Ko1keXHqkzpPbuUeFodMwE,14664
5DUZajrmBwQv846T5HjSPXV3cSEBTQt6EzfvupWmDi9FA4wS,22071
5CJvYuY7ZSKEGHCG1mNqunvjvH5ZB3zGP7dVvxvbypWLhkBn,1467
5ExvLHW8Uv2bw6uu8sLF1vDZtTUTjAwnx9XyHEXVgfCrDnPS,142625
5CQLZsEZDW9YSsXEy51SK2JScov4KjWzqmxFTbybr9ifJUkT,1395
5ESCBG27TTMks1V9xcZ42wBDA3BD4e1Ui2ZTKdBeDUJwxicz,3081
5EnB9YF1yz5aq9v1eh31WoQVuUjCSQNxwg79uV6sBMbdkGKK,1031
5G68CqM84zs1mCZxYnLHjr22AuG4G2mwavAESJrMHaB5jpwg,1031
5CSzTUhdThvqANTFEYnp3JTYL4RyFintRpdDkbptWG9E5JeE,2621
5E4R9FXDNz3TKCSozmFXHZuu5dNTECCQuD6MDz9F3AYp9xpe,3272
5CY6e9xL4KD2P6e9VbZCnZDvSSE7Aiq8UEu7WGhJjjsBd2pa,2061
5DRccQBCkiqC5Ms23ZKkschAgw6YPaHbftzCXx16ocKcrExc,3271
5Fsh1z8jZEzntpPLmBqENT8wJ4tBvpUWBziDf3x4jgZVyauX,2061
5DHqTEsnd5MtE237t8ehcfvdp77rYLsJwkonLjUApby6tGfJ,1031
5C55Hepdvg7Y16SXvdemNesk2u3qtcwkMH7G88FcaHS3YkmU,2762
5H19wpQAKYUrZi472UobF6v1BmoTD8NW6qvpW1twxQJ28FdM,1031
5GQyS3kmEn1B24jrZQkGrghh6AZdTSyF9nvk78V9MhK8q92v,4537
5CJgyrTMLnyuwSkYg5EnTATdCXrjYTvem9GJsH3cEy7MDKSF,7564
5HQGMd9FcQLpDYBkAuPaaWo5icE1zAeF7LydZi7Ygqp2p4dn,8255
5C5ULqGGMpjuaDU1VjqAmfexQUunCiFKc76He6Fx2FE4Lorw,9761
5GbsqcMb1rpk5CV9TZZfWtT5yXknb1Ge9HW9g2oqtQz5gKjh,5427
5H9LRV6b9yJeYfg6f8kN1BMgCSX6EStikc5Pj2kDURwCy5vw,17102
5E9VAXvkwbERNwrRyytwFuUfKgbvuohxUKeSavsw7CWFw5r8,9518
5DLMBnP7sh3vFnqCT2RmfmyY6y9fr2B9gKuETBL6FvR5p7Ua,14788
5C5525Sdj1DahTw1XHNJpJi9cvJmuq97ty9SgQAP2ygEpPQG,11230
5DFZvWUUzKsPmbzKDjghjZayAT7evWDaDGUJuEJHZ1huAHhT,100177
5CAq28gKdyhsLA1yKrbJwFhg7rKWLpXtJw2rMY6XnwYj7Ge3,3297
5G1Ku5vFhjwueWr5arv8WZjsRZ9m1Av9NSCJ68RRNLHqTRpR,2716
5E52jKjwf5SJpZLU9Pp1qK4z7xry9oA4VNTRr8VTqQgLZCYh,3175
5FZMf21NEY1CB1Jhb2MqHo2zyAyTHMwECExt7qHKGsUDsvz8,976
5EcXhAFUXNxSuwV1d18q5ViYZQdSKc5bmqs5AMi167ked1wj,6692
5CPNMhcCNRErSYtrHS1iHvxuKuwwsY8vaV5tztcg697ENhKr,1056
5FEX1j5Wn7rjLM8itQyKEgUJ8dNQGx1UrqkLbPDaKw8fqWcy,322
5CRxMeQnhQxrHR1QzowJR9Gdbe7sczDt9Xy64HNVu6Hgqb3Z,305
5GBxdDS1vkwLjKvtCH1M8FK7N8p9eJmWBSGXuj7iH5GW6Fxz,4258
5F41ZKuf3KpCEiKKXKcrzqedoh4vARNko17bQffy9H4wNCpG,1170
5ENsjrZmR5YYoxiteXkBDdXHzpnE7V9ydqN59yNtnUjZCaBp,1288
5HdHxFr3eZwL6Y3DZepq8kFCRwzugeRGCcQ4sfLPpwj49T51,857
5E1XEAP3sQSrezp2tFSyRzXVDiRDJHoDm6wE4n7Z2QbMxcVw,609
5GCR4cGResaAgvA2tAJHARSEybGXCncGBgwjFK3ob1Qs9ubw,990
5CUkkpmyZ8BdFE2PG5QNxeQcK9kscY4naGoHEu4mHqPBCdb7,419
5FgWMyV7w42fz7j6eWfSTKYLfEHDZVbe5tuW7ZExKVex6vyn,323
5F7NJkTuJPBTVWNW7ZPtw419dMXCtDwWVpKCYEg9Wq61hGsK,2535
5DviuYyQQAHTp2CZkPw7z3W9HLCxtpy5Bndto1uGMsJtCkFS,576
5HMeyCJ83AqK2cfHPsgQL5VGCsDqhbieXLZbnSqTwDvyEJdn,368
5CaYgsaaQ6ikFYQ8cDXcmEATizngxQM1xyReJpfMq9Fk1Rov,305
5CoKrp6WzAtrmZ7cccMN3PpedFeBHcuauYcinWxuppBH3sGV,609
5GnjfkMchuFR3d2B4ohxTy8GMQpUVPbnLDQdEfe2FpxHjaam,2486
5Ctfzq3m65iGaYCVxb2FiidLVM69LtqE5umxhaBMitJvgfsN,368
5DDF7MqbQKLWU5tSzWKFJvVtTdDFY4qSZvgSC2A2ZU3UMsYx,2130
5C7vupYPAVUccSfSub5qccFP7tJQeR6yuyVC93eAqtbWrNRP,100352
5GQkvienyGHUCmCEkKRfm9DK35Y6QU3kmnsn51CKkXrDYQZW,329
5Gh2VLKejwut5L2fmCgstfh48HCLx7S5xs9WJE79ibm89YyS,397
5CLZUaipQztBBiz824jxQneiVaouwnfC5SnfqpiJxptA76AG,761
5DNodY3Sw4q8Z1Cyr34JYEnXKFomDgLjBmMeTyrRr4eViRQt,358
5Gn8gbMDsdqKkxjLdkTEgmDjxDT611zSVz1ePsK3ZbtcHJAT,474
5FQtSMtKDE48LQHMfV82uE1Ze6t3yPh98BTEfoboqcf4pFEX,549
5Ckz5DwJFX7jQftFV4DPbQWf69acHycCoZk83mweUcmu85ZH,380
5E2fEq4pN63JFpyCVyhZhLuRkXbSvtsCMtRFEasPgR77zDjB,305
5FPBymwgJSN5Vfun9mw2xC7p9UF3ZeVCRFXwbMPaq8uSSSUF,1747
5GqJtqE214tnXfL7iVifMmHTzzvtVKBBKF8xMxLN5fLRvR3s,3707
5Fpa4v3EdvDYfpP6BxCaYJhVfvetXrGYWYCvJDFJLNnyLMWh,943
5FhddCMorPtYpGEqq1LHGBzddvYJmyLG94SMxiUb2KNmjqZF,730
5GTDXd6qbz6xbk4JqQ8uUkddLPm6w7wD7caSRrkgMV9sWkuF,11513
5EFiyQexof2PcsTn4rbs7vZGPxAmiEX5vP7nX22hKSAb2Yi9,732
5Dy8gN4qzK8mYpXncN26USzY3usfuMFcSsXSaQW15AxbkAVi,1363
5ERLNnnP6sap3SU3jco1gSqNahqNx7oLnX6df8u5WPLSVKzn,2599
5GcCm8LzvGhdcYqou7MakYM7qvd2Z2nSYVpUi1d8gLuPBWVH,1556
5DJBPiFhfYEV6YhFxrWvuQXYtug8fEi59QQXCzWww8Ay6vsV,1521
5DaLAyQQJTHkdknfJNr22xcBK46BGHteyQsKJwyb1TS2V7G2,305
5D89Ez9kD6kvADYfRAf93zKcw47iuDReMcic44ufHmD9dfid,700
5G9dC7GUKpgqkfgsKxrkgNwF2ynv4rkSGEzkd1PB8ygdyyDG,417
5HT8v3Fj44kvRf6KiS98TjpqhYjgD5MqRkmcAxoFDVku84Ad,1530
5HarbwUwgBWeak1JQULBTjdrCT6SELMnH73kZwKMcJ684TST,3982
5EPQHiayJtTVZaH4EQXfLNbXsVetZsc29kkoTSLzWMpnabkp,6609
5DLQdXwnzpDcLR7dU8JpSTorTKF6Q8jqurub1Ev39ri66UyV,2281
5E4BMQANZZSF6SupK5jr4Uk8EHht551tuhVsHdEF56zZsxCT,1330
5DwTaLGd7rq9dgCeTVMDvBMMR2VigoHnQxoYDn19bioqKD8k,490
5CyZHFXWEdY3BEjFGDu9vTWSybWbmDSiu4pfTphjqBkr3SrY,305
5FeTMgm2VL1LGqDvaREchrry4KRY8q8jnEjLw4XrQqMCLdh6,499
5Cm8JHz75TZw5GAAwVV99qFJKPYtxXsP2hn811WpWLo4UDjG,243556
5CySgZqtpR2Cna2tXCg3ENU56y2ujYSFEnQ9X9X9Hh8pZSjZ,6062
5EWuRc6fJdAewTArojDb5X79RyoRqHS7GrjGzj2WjcS6nKUn,10437
5HYf3JpQKCMPW1nxdvN6sT6WQW7nUDxyL3JJq44CTVzGCU9q,7649
5F7XL2rt5XTvEFdkGafjzaht7jkhmqg7fnjh3r66SDtGzEGE,103254
5Fo1mRD8Rcji5CSPeMDhQLMAgeRDUGXN8s8qCkAxqweGZgK2,1157
5EvyXXqdJbH7eBcp1a2jPZF2QCqqLwLUKqiAABBcvyWj4jFz,7649
5HKxdhD13ap8GAhkCE6KDUmtjaAH5vZsZLg1qdb1kgQGHk7x,1148
5CSGyY7YJUyYMsJyi829dvMzDLRcSNKhCq5WcRYxfBDKYxXc,2358
5EZXqzjpsABkgJvwZFKLCUJi49n3jHsY6pLbk2fgkgykYSxW,1530
5GTwubXQPTay2PKKGBCFTQzk3dcc6gay1Y7ua3bSKDLWhtdG,8417
5Fswq7AQeJwNbdDY5DLjdFcddmy9vJjLik1DrM7tiGCLanuc,918
5GgNWiLXVt9xhC7PTwW2nie9J1JYZk6W9WndrWa4CF6B1jxt,1530
5Ecp3jMUgzTXwyWB2tP6C5zEqgoMi3qkwHTDC6y17mAYbRCH,14742
5Ech4ywGCm4JP5FYGRj64FTVof1kJdhNGVmcQHHZNNMGwByv,8357
5CzTj2DXVVjzPBVEfcXicKq3F3cjJSFBrpEcunit77LmfHXj,892
5FZsRzks5woWPUVA47eKouZvjx6NR3pQAFoxdsj1BbeC67ap,3493
5Dt6d5kFRHKuqQh9sAsVMxFnoKFDFcma86iS7GAMwtSW2wJY,84953
5DyhYCtLKsP3AcZETNBHWBWBdYNDPPQLr8RJckJ4M5G9fuVZ,3386
5EZdvRZdaa6W4WX7Dtpd7qaBnv5KC7LCcHfaxWWqcKwYk1SU,1263
5FkM1pSkGxHfx6UkUNVbw9MWGMFphGNn15qfkCwuVtr3Vp7v,1400
5FHnnbgtShoF9BueR4RHrRkEBX3X9MGH2bgoVuJGGAHK69g9,4279
5FNdY6g8gTSuDMAcoMr4GQSzq8ZAJMSXo2i8ZfFfs69VUJbM,39607
5FFFypBZkmirDzJNGbXseHw2scDRhec9n64nqUjbkWiX7hNu,5403
5FQtxc86NYt5vajVPkVahpP91cuoXUZrSNbpUQGhVhbhtJek,3825
5Fq66TGSa2tzieaYuQJLBfohmR8Jd2T1LW2n5v4jYUp8cEvE,765
5EZox7jrPTfn1kG7jLpG94jH7jTQzctDde7iRpgGkvq6zCyo,3868
5EvTmPudDAWt7GfP6xjM6gQvURFywRVsvt1FPJhhWyYHQZj8,3874
5Deeb3ohXgkbR7WtMAChasSnWwRNRp4vhGqGB9YcWSGDP3Uz,842
5DLdr9bNhZc2WeSawpR7Txp7YWLFuZkd5NTq9Vgr7xV5DvVX,453782
5E7sunjrvbmnD1C585KN9PC645EXa6D4SJF6AUhTFnBWRPWL,5176
5GKikUAfGrvF8AHgsZXaVoWurjmpJstWajkDE7Qqd7JSxVsu,1148
5CqZfdHnqaBaQW9ige3Jeu4psF4fp2gKJq8HRcJ8eJYmT1Y5,99794
5H6JRxw5QLn7kpo4k1sxxuBZekd1q45UxrD1erknCqhSKV3X,800
5GKivP99rENepxDDEBTyiaakBUEtjMKdmuvKv7yf4QCKaRam,26885
5DnSmPbyMaDUNRWRrFCaWymstd3137jk3pd2KQcGuWdL9Yer,1530
5F9ywhxziFF5oBXqznKXJD35hv5H3DhF9N2AhkfdpvBykWta,894
5CoZWcDxWD6mgz5eGTegZbLND5zhbyB3VBhfQYaSaKtfMjx6,3049
5EZzxmJY5dyexnKsv8Q9xQY34Ugc56hjwM1CYCX8Nsinye2J,164329
5Dc7vvFzPkxezuwDt4RvbrR63t5rkXzWxqRDSyGLznrXCPxr,7874
5CWwreekGhu2TDTvXpEq5YKyZgeQdSxqE1Jr8Zp3GWx7Xm9T,5920
5En8RuZD13jirb7yzh2QxXz5SQLiz3bDTbAVmHVUk6B8dVgW,2162
5EhFwFy4osWsk94RpKwApK1Yhykd696fmPt19hCJQZzYGGaY,18555
5FHjspqzXFTnSnndnjvLgBc4aYdesEGMjQ2sqNE8iYpttSik,1889
5FsrT2PGUhrLtrfoC2yPw7Pq5xRuChm6Vy6kbb5daewJjRje,18101
5EZhN3MfDzSDvguAWH87ccpLszoECG6sevZ2vddu3z3DLxjL,4366
5DtATEHBBvrxW8hvZjdC2iTtEvDA3GRFFZH8TLUXRhLBjf5q,11133
5EeJ4Yp3cjBdwqiPU12LLw9txvVDaYaDrbehpviMcsqVJj9X,1856
5GixAE32p3snTLW3jwssKLucfQJio5Nuy7gWbcqcqb1CfEd5,425369
5FyDx7USBxw81VFLvFp2RF467PXhpPQD5EuAP7WLTQsb3q5H,40858
5CZwaxz5g3XLxFo1KQ6sGMWAdQHgniCiu5huLqKuz995HCjs,2483
5E2VaTPybd88K1xQQwQ1WoQszehXSEzmDeYTZ5h9WNXitLxh,2054
5FbboXnNx9yqCGXgRDxYSbCKYwXkxmXSFc4vAocNYTakvQqZ,8499
5CtY26VXnVgVbjHNqFRBK5cAXfc81gWhEDLVkgue2zGyPCHb,2172
5HViqpv3eEzta4WTHC1z2LPAqe3qVz1LfPu2aWseS2M1PdW9,2379
5GgzkfJZQtdoUi8LrUZh6NEDzGRV2vhfi8wp1s9oJ5dygHYm,1856
5FPR7r2aRyyV6rBZykYFjfY95qybeC6jpyZhAyPDUXnzfyNc,4541
5CzNgXq5BotBVZitpFG4nC5pz2mc7f38ozp87MGxjhWj7Xjc,7600
5D2bFgdyhRDrgsG6BXycLRUJG5zXef7Vp2RdG5Bn6eTpB57C,3205
5HgJuhDJ5Wst5b5FuhUMFR7QsoXsCR6r6MwfG8r4KnM7hP5w,5653
5DkTmcRSJj9e4gxoD3EmJWbspZJeQhjio2v9XDWsmEFcmt4Z,19557
5H6sZ8QnpeeTQAzoQqbaCHNTwxmfm9CN57tzG8JKJW53WkiB,2611
5GP4F94bpxDLBtudgbdzhqcEhmgyiWNSjDpzC9tqfaXW8S5a,4236
5Hj78S6G88VTAeHJtWHZG4QuyfMr1AyCUrRnRbpFnpymmMns,6838
5CAF8B65PUoriXE1pjuawD8QeknSQJUNRWrjrPfkhkQjLPXu,9821
5HiyZFydTsSG1SNeHXEjeErwHi2vDU1TMQtJc6jndvjPxkWM,61896
5EAcGBRYxW6uqMVCfnZDvHxqwZEGwbfiH6ZPQCEZekMHJ2Yg,21794
5EKxuQcKXfw3pkSRCYMjcTCh6HdRsCU5LoxiN1FZ7qFCkSrH,176660
5GU7NYzQ3VYjFyU7fL5c8zs7WCP1AmLNHXMwp5sWnqwnd2E6,169786
5DCkHZDDwHoEUxGQiHezvPHqtvMysnaJvksvCka37NQABj3a,10571
5EAceNXdiSfD8XsRsVTUf28hTDXZGYNV5Jsjv926q7LMAhsb,21507
5CFiXfopns1nwgyU6RgWEF22bjdeNiwboK16i5V4DvZxgrXZ,3140
5DXKgiSswWLFPVfEfBg49ZvdqXiS2hSrN74X437AoUTeVzCH,3154
5Ew1t87EdoJNZX6EZj9zH8ZQmt48tTDDmafGYhgXqW6QyCji,215012
5CFQh6fZqKouK2yV81BFA1zMmHD4AaytQtztKMkjzZ4oYJZY,5911
5CVA4zkM9TWbvUnK3ZBr4TkVVFtJnQPZkzUjcuYDgeWs3Hvd,3835
5ConARJY1bpAEwbSTuPSuefVjPHXvb6ddytKK29tUqyrTC45,13392
5Dqkp9tjbZnUDQbXaYqnN3PvVYx31AZ5oLVH1rHZCeSwftpS,9415
5DfV4UAZe5VUBeJnsfN4vHSsMeiVYtQyF5hgGGYhTvnPfYpA,4852
5CLq1biSVWGgpJJutY3VLfBAojEVd94vQZYWu1tVPyXyoxU2,10599
5DXbpWzNLd5xWUwt8GLNgFGzCNcvaBta5iS8XzAgrpbtqFzQ,7265
5EsQxwhNgzSdYJX93ev98zw2HKbBWYcGtxZ1q89WNeYGBuJc,11081
5Fn5RtCCMRcY18NqjMdVGAdXLyQt3UJqcoqAiaeaSsmACV44,3881
5DCMqz8eckshPXZmivn8XjVMucyh48mn9kMtMrvEYD8wPC1s,7124
5E9PXBaphRWwKQicBbw1v3qnshd6bxS7hVXjJd3Lu7bo1Wc1,5190
5F6eJvo5tNXwSfmqM9nJcLTnLcmmdAkzcZmJJVDwfGqsqYQN,15272
5GsdrPaWwSqon2oN1SApbEnTftqZZBD5gAfyVXgzNdXPBbuE,5518
5HB6rVhBEHXF3GF8UJ5VCLE213Neqv21p5c9MeTAAbuErmL5,4985
5C54fAT8LndTJkj82iAsV6ig4KizZhdsQQfjME4HCnva93v7,31532
5EEeffxwK2ahbr6pHuYCTnV2YzzanX5SF6aZP1cS83LjQorJ,8361
5EA2fCmjFqX5vsfGbgr4fwD7tq3m8ZCL2m86kK7q8VQd3y2A,9234
5EEyBnb5uqGn2jeEUKA78TBeLYoEYH9eK13wvehpX4qPV8P5,38911
5FWwvx4jFVfrHQFunJqsaAMarbxPTH5sMGRZ1nSaeYt9jbGS,7277
5DPp8rjDAudXhRpbGYP3K17DxwVT7UqdMYvto5gS49y3CraK,20961
5HWR2qNoL1iDKuMtv4wNWKud3CaAYKNWAH2c8NYwCBLvL5VQ,3494
5F1RpWCH3Q2JqGgsRNDqxfSorVaUbJrMhTryvofR7cDW9cLa,27438
5EyLmMa3q1mEiJPDvdUkAK2j9KyhizDrnMqXhHQxmCAcAkZV,2426
5DwVfsm8UpRzNYp49UVeAv8SywxYwhzCQVXo2biZdVH7u743,121637
5ELzR7cMNHkYo1H1g7aHo7bpBfD7iJXu5y3XpCbabN1ismzS,2426
5Gq4UB4j7T9BE9QZmtPLHtoq1ecmFcj2K3JNg7sFqSj2vn8g,13370
5C5J16giWJjDP4KST93yC8vckMkudLakQfMs9xsi9n3XX2fx,2771
5EASJaTTM3P4GAogFp6LwANQgMPeBaxTLef6qaECoDANssVh,7849
5H4UJbqQrD8E99yU3zsBmsXkhziAYv7yoyqGS24PdL6VzX6K,149234
5GhLmqEQjoJZjTXLZYh69beacyGF9eZtL6WZPpU6QUNvzfD3,11056
5D2vTWsJ6weqwJbrdmQFNGJ9vzpwh5EoLJiutpLCCt2e8LxC,16083
5CJYPJiVXAHRrHYenZLMNhNfsyMVAmqD2EijddVExfo4NMUB,1368
5EHjsHgzwQrZ1E9LQR3jBmQYiYPKsCAC65AnDcJWPtEuDc8k,3357
5GKZ5WpEDYS9G1yDBCRGVFMb7KWLP6HhHrJw5LeKFWSibC2q,14483
5HgCagbbt1QHjutXdzyVjWmWq6kH5xCuUrizHVTuS3ZUcfD3,114148
5Co249WzeBSmij38XjTWWwiAJTQPpFhmWTmrUvoccsTwsfbB,679
5HEe22mnUCvsDMDNgtr5QLB9mNBi74an4gFBRLfpkjs3wHMy,1663
5HVW1J8L3NYrSprvuq2oWLGZ9qU1J9o2vmKPYtJ9XtwYX6D6,5080
5Dk345h8Kuq8gTmNBAE6D2siHcjQ8HtaxZrZRTVwax28PCaM,948
5FNzyMakPUgijRuahyrUoqXGLh9zRFnbwsYgUyTs93UEaHP9,1560
5HgZyNCEba2Rvi6ckJnCMX6Y9mvByBTDt3wyZypuCNben29b,3936
5G24FQRfrnFFPecYtq9gnRUtEvWk43MGWEmARxVPdcn52nKy,3910
5Ct9JDvXPKTf5WX54fBwXhWhBMvWNHuYeWLCZS8a8undRX4n,1671
5CqUrgANLdEGStq2DHW1oNZPq1T9mfPTxQ6PUEj9GSBLmZgm,15631
5Fvs6Beo8JA12R2VjGVdGqUrvHVohLGL6jnTP61Xy9TGFvJ4,601
5D1qPnEq6njV4i9DXpfbxoZxNKzCvhbf7ZAgPiPAMZH4qxYF,626
5FhHRT6fdhanwXm9aRi4GPdTkoL7ihhxVc8kkWQYDBEmQtzN,2681
5Dr3Frqop2QpaE8ZFLZYzSJ5uQmbq7kpBQNPj71rKkpJdq3G,15278
5FxoVAB5d9djjADL9L3iqRp5KRnGvXPKDtpD1ajDCkojquQy,1006
5EtLtb7P15KctmEhVErAXCT5Lg8KivqdpTro8gpVsDVgo9dX,1968
5Fsb7r1ynPuK4ZJn8F4nUL8T3Zf2N6sDu4qRRjKiu5hDSBxM,1269
5EX7Ze2K1wyvUNuRcDzh8hxs4pGFvcUAobmhMHo81Qf5fsYu,2479
5CLhEgh9rqvBAXiqj5UyD3WY5We6n2zy5mLwWS6mLqXGAVCr,2339
5E75DCy2Prd34HNc8PpFgEDXGDcvnBjyvkNM477xKqgQPUwU,4080
5DkrtVE4TuqgqnbPskc1sNDDi7qiUhscLkxoRJqSpDZtepSj,2862
5CVE9kemkn4ErVvFyqBuKJQckK1nxjHrC5EPqxM7vNyumXTY,6392
5DUix4vKdth56vNYpnzwuHUM8TeooMDVwdmjrmVD4687skWQ,12293
5E2L75LpgAwpnR43h5jMQGSGSmXEUf5WnozMPojYSBnVpeGs,1833
5DskYC7PjxY1XhJpGWUXgUd2xdTs1jsbxvXFu1UUmy2QBE4R,782
5Fpyp5R21NP3WvEcym7jGEWwReHozHhHsQmS7AJL2kgvUZo4,6396
5FekRQWDAuu8c8sZAUGNBZakMEwcbh2TP5YrdvekqxG1a2vE,9057
5HTvvSJTxrjyem3wg2ug15sFaYjmTgcHiPKsWFpy784kn3XC,1954
5DkACvAkRo6P3CPPESKNvvBZJu2rogGN1sawmEwc266b43P3,1303
5Gmq9J8gFtfCwgnJ8G6B4nZp7E2JqvynUmtCyXvxvd5DgsSj,1734
5CtZ1fwJUu5eEHCCc3442Uc5VSNfrGL4HQFD279NA8ikGpxB,782
5CJHFqPJq6oHiMFGMqETxVFW7GhRxR8k45Ero6isSFHRTt3J,1791
5EkLoFmTbcDhXvX4UJhqDPZHkU5n78VpDDZLF8fSFKU3WjDf,1372
5GYsvfTsyR3jTKsVxGatrBQdRHGRvHA3kgC7knsyg15P4Z3P,2563
5H9ZQ7vKdb6QxLnF6woJaUaBb4NaXQnSFa5WWuYxzjSWPG33,1112
5DfK8whTzmdZx6XG8wSPBqP45g4DVbr82VNkrJ1rgz68RixP,391
5DXgJrKHnKPuySsCuSkeMQRohk55qGE9bEhoPAPdqv4oEvqo,782
5Hg5SunBLoRSAA76zUyDDUcw7vnJNeVJHsuaLZyxrYb4XP4c,5600
5FqebMGhE93wY6ibbohSpSWwVzW72TKTNFPZxeAfWSGoLsn1,1564
5EnD6mzVsUSwGk1WJTxJRDSMmhoL6feJkQpF5U1CECZk1j6h,6079
5ERoYJNVatg6pr33TzBJXXc74Ai82kYypsVbhcvBRW2TZS2k,5221
5FWpmXTC31ftEvrMmYq2pYKqTFzrbrkhNV4NfKrLGGXJwPUu,846
5Df9xP4JKSiF1JvobhyKENgc9SYAM8pujLFBqArB8oFtTMjA,919
5GWR8z8M8wmeWDHJUQ96n5QMPVbt66HQfveoKimt6GdgupkL,608
5DPRzVYDFDzaZDV7JjCAJrxody8iomBi8HubvLHEvTt5YSNz,3185
5HibtoSfrbX99HhWtXci7HB2sSbNgZGK8jTbCQw5orB5diV9,530
5F6tRk6TyPLLkcbjVJq4hWkPY8FXBRbd1ncbRJasDUJjSubJ,391
5GeqE7qwsjSSqLv1Gb562xKmTrzgMUzhL2PGHSnpm2zxL2Di,79715
5EJ2utz9WB5c7yNyGZwGY7xcB79zUtMfCaJP6ipQUdoCctLt,4853
5CFypkSFrD6yzSm5rekWmmd7wTSDnEH5nYRWz7K82RYguKDp,670
5DD3NjxTQo71FmVAHnGVapkgA5kRxHb5vNyZbnNyvUuEtH8s,1954
5GnHfkqxuHzqCVrh67c9VMKmyuULuWZbVd96TEXTtUkGh8Fp,2646
5F1PC1FVS8XARQVJSG76oCnVfSN9SFas4txq4RKTjeoqNWF1,516
5GTECpskUGbgDvnNZVSxZbxMxFZToqTyG6hzWqnqGQVDwtMK,1359
5GrwnfzrwkFxYFmRkqG4sPZ985h43QYvB9ra2NBAGdc2PTqc,3041
5EKsgRX9DzPqoXy6xtqqt9ygThVrnqrVKBVz6s5kjNq2mq5U,12180
5G23MR3HGE3uMg9d6A5pGQJ8GNedHQoocSHQG2uH7qyrj7JE,411
5FBvem1iKxnDKW5RKvCys43dFwddLsfWhXUpWyUnc6qREgb8,1575
5Dhjz8JLFgEY8vRQogPKspmY9k5cY6SHo5sdbdv2Zrxiw37n,735
5Hjk2zhr3ZB368xdkVCASFAABCKFL8jbKvvQxkd5otJTDnkr,792
5F9DF2Kaxj8dxLjhCHXjmrTPk4arzKBBp23SNerqmdXfKFq9,4643
5ChUcgeUSeWyt2mnYLVQqrexkquDGcnjYAr7uezg3ERCSYt4,904
5FL5rxqm272fex1ik4zgKKr3bmuveJ1uNvnFhHYkVRHNwkw3,3908
5EPCvGy1hxKqMAUHQTTvk1ZmRa1Q9eRqcai187b65eAnWNTL,11742
5DRQQTrNCUNYBFrDGHwApEqjLRpjYKH5HraAGuvUfdLDNEyP,8329
5DLUi9s9DJAZpmauDpweXZR4KEQyknzEQqqsp7Bk55uyZBkB,7020
5CSGSzi8m58nj9vRzN1tEgB95CFC3ENKpo9zr88eHfNegEmr,3127
5D2nwjuLGBXh14ayKr8BXkrwZpHHYFV16jrHnY8mZnM8hH6L,11645
5DcW99iCXtAzNDzffDdQYFjdQ5GjXsHbWNTSP3U8PZjjv4wP,19538
5CaEb1Lqv6pqucWoVAoUaJtu5Hx1H9CWEzvm2P7oZfzjijTv,2026
5HmEespZ3RRwxYoezjm2WHtmkwAyk14DbfFgcquqLzwCp1ef,3116
5F4M8CviMaAoaEyaWKNS2zN9nbAam9Af9SmXwNbuAYs26m77,912
5CXZzH9xs43YXQ3MdkZAXqtucJyv2uSVdbGJChoro2fW2j9j,628
5GYgevdoo7NBbig71qqcHXpCcg5Df6xj1WAjY8AQw9kHoN8W,9724
5FvcZvjmUhp1hUgfjyGjQUzsMWsTtntST4KqA26nDheU4gMu,2111
5CJLsmpYYpuJkMtwiTadwPZYhDFEfmA7jx1s7nhN7eJpKHcf,513
5CFGVwaqMnxDDg4mh4NyH9ByvY35C3koH3d6RDXpm1N1yCnV,1621
5FjAxAkk7aBiZhGNbR3BCce5YU69WiDz3SuMRVirsHEwVhQa,1954
5DwXSabaGEw7kTmERLfEWdqJLcKVynxtykLxnaNqsassKgeR,4768
5DjmZ5KWiE3gr5wXidz1YMRENVdLiMRcd8Gj6jCNbrqiULe7,1833
5G4K878npLzkGEKBwRQeFvBkgZ5kzvrcHRpY1EnzBdpuowRK,7816
5HVtQGrszXVUpv2U6TB3oubxdAevgd3K2GVev2LzHyzReQZy,3107
5GHDvB8WTrBcSGUWA93HWFa6RVpE1SguVE2xtHNeYFX18gPX,15631
5FCwwQsDH4f2HAeqFqtT6tp55Aub131rpsAzf1M5NcHUwc1A,225940
5HTQQZ3FFYXx9c4pdKYAxUZNtWwk5KA9zmnT2VY39e2un6NF,1763
5F6uovDjk9X9uDUbpvSz93do4gkWZZcKSUbNjDTzDNTkcnrQ,626
5EA4C85Yik9hJLJYz2eq3qohaPTQnJ1827P8c1s3QjLXkr4X,1880
5HYU9oZKd5PrHQiA1yAi2yuPD7aLSwNdQuSBUiafpk66eX12,1853
5E7i22R3BHqZBrAb92tJvha5EKokcxNQMQXBUSpDZpesCzTe,1971
5Gswgq6eopCwsA2UKxuzTtSgiQiF4Mze9XDKZdxEKQ2pmUwM,1034
5DedvpHT8Vh5u7EZrwC3wNKcuLM9vJBprfvtiR6KT1TAUFPK,2103
5DteRS4Tg6hKGjDdCivj1pvtsECZcakFpQkduMZKDnxG3jdZ,21388
5HN7KymiQYB9VH5ZdiKos3ttJKp4FSkjaUUsYKxTTWzmwaxW,452
5Cr7UN67PHVHMqQCYbXP1Tg1Czqsckbimx3ViGJum5PRGuk9,3908
5DUKJtERu4mCUY87jayh48CexYkwmgctdH5XDnBFR997RYcA,7606
5EaB5aFfaktxrjTGr4yLuDrv3gdiUtnrjWECqQBrXKjpun9H,4632
5FnUXhnC7yGTognMkRdA7UUtogXngAzWtsvZSnxcisqCReNi,3565
5F51d9hkoYoBbrdLiodzYqsZwgzhQANcEGWKaNDidVfcf28Y,774
5EnAfqaatMVLETbJGYD7SbBWGd12su6AQVn3LgsfEDxHuUki,1152
5GNCLEMQNbhFD31v5r2mXNEmgKcB8tpZu8AG4oXaQxA3h9e5,24063
5Cew6f6TEujYprLDBaHCW9swkmFLc2SyzRiRp5K5NX8tWLQj,460
5Fmz2CMGyejVNpVbTLNz5RbE6rLtxmFjhVEgfoJynstoUr8P,1626
5GeDEaiJSJbVh54hKb32E2fruUkyvGgiC5rHcf6CoKVBLKoK,892
5CFWX6RvU4YRy9JtspgSbUVmLQN9Pp9rqsuv4GkxCrxao6vF,398
5EyL5TXQ3LXinLxASayUxft4NNmviDcdZ6YXzmocVrnTPBBB,1586
5DS9uiXYV32e38Gmfran26ri6q6SQ46fxktfJg5xLApdbyz3,4492
5GU1ceQgErFGEjf7Fv5wFCG4f7tTEpbF7RgBBJUoJEGqjS3B,405
5H92J3fBrG29jwMveWmqoKtH2TbmEXUiAXSanPezTZYECtEU,3005
5GFFyDWvaZGxQfQCqSU499jgaZLbJPip9cJq2ATLvtkAYR71,3929
5Gb4yzgkZkKQ65G6JwuNjvgS6QYn9FXF4Biip6x7fe696KzT,3592
5FL84CQyc3dcfsdL4Q1SXszNngm2VcbFrQW2DqVTMFJmFh2C,16055
5G6QV7BsAr4Tv3otuf6jWtVufDaC9VusB7auNeNrjqAmeeMb,13070
5EHYnK8rREfzg2wtkyFUjkSkA1Nj851yx1HYmtUYUie4i58N,6099
5CkFv4k8Se1LsCXw7VYBBcaVx8ZpK1djm66qvERJszmzBjTJ,437
5HViAhMGcWauKeXNDvZhsyQJGWCJKHXqMuZhRNSirCqF7y8F,391
5Ehh5j9MKoMa1xxqW4eB2AZiwF2V2rQbcUoA7uctbo8ADg54,3127
5DLRexmoZHA8b3KoKhrYgyoMyHTG9QjCeGuzecSj9YiykrGP,1237
5D4jJGKPRiCyb7Zftu8xjhyTAJoD7EhVWU9bNmNRKAPimJpe,1586
5E9hjo2JPR5iaCMT7gKdqi3S7e2qNwYWu1KWenFvxdnfNX65,58614
5GxurW3UPkx28YsPSWpxAAFEY324Q72TA19YTRymQ6eBW6yg,4940
5GeehdvvWUmgBBjDdfsajEJKvcWWusSXwt7aftLBdDnVFR6v,4052
5DfBQtFnS6ameG1u6gnSzX39WE2i2j3poK9aPBFsctVXkaan,54913
5GitTxSRhD41ty9P3wdi5votw6UuAFe1GsFaLxYxVmuGkcsr,8431
5FjJbyBGPPQkEXGVBeQUfuUqEEgGLCxU51YaYvUjxFXwmmmN,13444
5Ci4FjLxhKFPvvwCWbNW1nT8cJ6VdHYjqoNEJjd9AxJxmw8a,2991
5FRS8fa175FjCT4rKKD5zznhmodmvygPqtL5KMkGxcxQLbzk,2431
5F6SDGagQNpQR3TJPQPWgUrnFM31h7vE7KtRWmBXR8KL4X9D,12974
5H1LYuw4CQpQibK16Kh1F8NX7bmX9QCXQdN5a2jFMcYdPvUS,509831
5DJG3CGL55pucKL432h4rjHgPbXXiAWxdU4rzqwR3JU1GGZF,4645
5EhwpTzmJtgYjF8cwZ5zTXKTr3C9W8WmwsvyfMUoUegfYHhJ,75965
5E4h6mf5mUs8Cr2EsGD6MM1NkDcuYucLHyS3MkTFCARJw3Nj,37388
5DLMgLPhPMVnnTr8hHgbQUeQQA9cvsfyZziaPH7jnuTA91WZ,23820
5FFYRueosHcWtrh8PVJiVfhpSrhXNWFMzhakAnEzyp6DUQAt,2920
5EkChLz1FL7pBs6UzmemVFKbBgxpL6w2whKqJwQ56wQyeQVE,165264
5FCFmtNN8XvDQ7cdBTMnXHb6oNF7qZBpPVbrvJPbYhKS7wfV,2165
5FTbDKsxX17cYUChF5ZuPsQLRGwheNmS2nTcMZ1XUCKEUXsk,32941
5DiEM4CuDQx4FL7FKtbJQ7F9j46KeDXr4xfctp9FqnqSdqnQ,5054
5FYtCYXSa4JaoD5LRB3JdcJrrvzbLBxV6EWxdNqd54NB9722,20424
5EKw4qeoVkt8xwKNCVm9yQx97i57HkFLErs9bhUE752h1N8W,2444
5He1WAnLcjxc9WSRkWsj6pD9PiCT1TqYp3MMJDkAFK7xiete,16471
5Eo7hU5qBhp62NuerGASkH1Giq57YqDWS8PxseZ99o1mF9VF,376021
5C8Zfr52hHc4Czzi9RJoZKANFoqydFgKHwe8abyqnfoGAvXs,3801
5DfAKqssoawzoKCsPJQJBTXMnjYnE19Tz9mR88ctsw6gjHLs,2452
5HWXmXkt6ojrWhUH1BY4Btp1EzNZN4vBchBQU9bq2Sha1CxH,32942
5Fxmc5XthJ8Y41CGt8ZfkcKzUeMuKzCsmNJvnGkGjX9uTXRX,8236
5Hp8BiXPqUvxX5APcSrhYhyZn3tiitrrd6RZRtxXbGfx1uXW,4047
5DFKnWrcTRy67CVAzC71KVBY3Dv7mXP2kf7TPMu9M7eAQc3G,28430
5HYWYeT22mM7ywBpqPugcaSQ8ucKP5ApgfYSkW4HQz12ZrHC,12240
5HNaYBEyT8PhrbHBfkKMRmWKo1H6a9eyus81CnWUPfD8kaS5,44619
5GGbTTaBwV2SpPPCGKF8sd7BP5efhVFKcigaYvPBxX7A66zL,9432
5DMQRPiZgyVKaNvxuvs8pGof5mwAepF3YSNvAzSUfKxLBV8j,6589
5GngPvtN3nTmHX54ZuMugxRZARP1iYFoHMEA7NX1SLi3EBKi,2058
5FgquJ2av2AaWpAbtykWHnf6WgKKTTcYFK7N6rwUuCq7UCca,1648
5H3FwFjuHV2AFxPYNTLWmBbbv5EsrwTNGFbwnKbHFbUBiX4C,7630
5HY2xehrcUgCjTQYotJWuJDVtUnZq9vAsgVJh6WH86X52NyC,16687
5E4zsak5zZBbUZryBmYvF9n5GRma8Lob8M9q6oY7BoArnfqG,156842
5CFrzD2JSioawt4johAa9xSF2eHRmrWgUj1m8h37FeCVPBeZ,3258
5GnUgf2okJDWbiqtCP6rtF86VqBTFKDg5VqqnkBfT3gmPZME,9774
5EsWNQcTeSSoPubvdceFQXU3yPkr4iNUfahAhuuzeToduxzH,6842
5FxnzrocywKuypWxEUAj6woRw7TpBTYub4CToqXUzmRu9NGz,3258
5DPqwZk7ABQrrTzTgwFK1e2YHVyRSB8YDMevv3APoZF7hHcT,111378
5EP5NzagAxELGmAX1QU8RRFd1WGpbZYJx3sAocFPkC5Sk6gT,93609
5Fc6vyxHqo6JLea6S3pdw62AgvzvWzZRTFBiorEK1nxLhcEq,3584
5E2cqX9BHQNryAuquiaQH9anoJcoNqrzVwWfjKDAXXDfm4tC,7168
5FTdafcWadXSRBb4oYac1BmDbhZnBnfi36oaR4aFkdpgje52,35945
5FU7xGTj1cqzm5sAudQFt24sDtKed5EdEUGTj1UujNQ64Lb5,289911
5F4N2qxzGGhR1vKU7rRedA5H2219rAUnRQ6d3qjoZonBkEik,307691
5FA7jmMVg8Rs6BUv56rYKXRXLm98jE2k618FHPpQ9PvhQMHo,130413
5Gs84Q5R6mKFBM8SG8ZLfxBphevY2EAhc9BUZLh1VKLPZ9FM,3971
5Df6BToxhuAX9Mru5wveMKpvUuYmfE6JaQ7J1L2NgAqcMFvd,5956
5F55QuxV682tctPGVR66GbRhrQLYq1yo2oBoseEEPrDTjPQC,35642
5Hovxfst2dnvccqS7V52PESSbM5TfxrPfTQn6LGd3Tpvphep,40426
5FKmaEwc7ELooHnJAhXBYMMeqxNkGz8K7faCEVe6v5nstivB,3563
5CDaekB4CkTMCc951dW6DFcfPY79vMa5ZdcdxdBrvL5srYjN,4257
5G6k3qGzdP41u63Ftdb2brRBFejguzwi3dvtHzCoHVEeVdsH,7126
5CypTaFf6qsQESJKNQkUA6cs6TRdNfs1FTTApMtoisrPRGot,141903
